StorviltID;KategoriSkutt;SkuttDato;SettOgSkuttUid;Merkelappnummer;Art;Slaktevekt;KontrollertVekt;Jaktfeltid
5993;22;28/09/2024 17:15:00;;;1;71,0;;3421J0098
42946;11;01/10/2024 18:10:00;FA092270-1138-4A1C-B065-1E05BC119B0D;;1;70,0;;0000J0018
42948;32;01/10/2024 11:38:00;CF4A3FEC-495A-4D37-A7A9-AB6684619589;;1;12,0;;0000J0018
42961;31;31/08/2024 06:09:00;E0515E2A-06C5-48A1-B0A2-E85B7486196E;;2;5,0;70,0;0000J0018
42981;21;06/09/2024 11:39:00;64319AFF-EB47-4EC6-B3A8-11D74D9693BC;;1;300,0;305,0;0000J0018
57481;11;13/09/2024 00:00:00;eb165fdd-7504-409d-beda-377ef7c842be;;1;66,0;;0000J0018
57532;21;27/09/2024 00:00:00;9632f604-50f8-4ba2-805b-2d3b81b9baa2;;1;1209,0;121,0;5044J0055
57536;11;25/09/2024 11:29:00;821EEFBE-DECC-4399-A235-B72A2DD05707;;1;75,0;75,0;5044J0006
57537;12;30/09/2024 11:32:00;54C17605-FE86-4A97-BF55-59F4945F8DB9;;1;;;5044J0006
57542;21;29/09/2024 00:00:00;dc3159d1-384d-4155-8e90-c2abb21fa98c;;1;113,0;113,0;5044J0009
57547;11;30/09/2024 16:33:00;0F7F1456-60CD-43D5-A309-55D61F487E53;100000104353;1;70,0;70,0;5044J0010
57551;12;26/09/2024 21:20:00;B0C8C71F-EAA9-4F63-8EE9-5D833779F11B;;1;51,0;51,0;5044J0036
57552;21;28/09/2024 14:20:00;7526A8FD-4DC1-4E9F-BD4D-3F129DBCB13D;;1;127,0;127,0;5044J0036
57553;31;26/09/2024 00:00:00;165d9c28-d1d3-4869-bbf8-9addc3005745;;1;217,0;217,0;3441J0057
57554;32;28/09/2024 00:00:00;ede7a61b-bec5-4c62-9e7f-3d32f27050f2;;1;;158,0;3441J0057
57555;21;28/09/2024 00:00:00;27de055b-1b7f-46de-af5a-f4c6b8d68fe6;;1;187,0;187,0;3441J0057
57558;31;25/09/2024 12:14:00;844BAC7A-5D0D-404D-82A9-045336252A82;;1;;215,0;3441J0058
57561;21;28/09/2024 15:21:00;0CE50953-5929-420D-877D-BD5D55E84FCA;;1;;;3441J0058
57562;11;27/09/2024 08:18:00;AFB407EA-577F-490F-93BE-BA8D711F2ED6;;1;;55,0;3441J0058
57578;12;01/10/2024 00:00:00;54358325-7f6a-473e-835f-d61a581b6dfa;;1;;;5601J0032
57579;12;01/10/2024 00:00:00;3fb94442-f548-4adc-b1f9-480b89196967;;1;;;5601J0032
57580;32;26/09/2024 10:14:00;;;1;213,0;;5601J0017
57585;11;01/10/2024 18:29:00;;;1;82,0;;5601J0003
57590;31;29/09/2024 00:00:00;9583bb02-e5c5-4e83-a3ba-4d73a39b54e9;;1;;;5601J0019
57591;32;01/10/2024 00:00:00;d393f936-e4f7-4184-8a38-d49c9f572f2f;;1;;;5601J0019
57592;11;01/10/2024 00:00:00;97f3383c-a66c-4863-9425-dd59548da319;;1;;;5601J0019
57595;12;26/09/2024 19:18:00;62B28F57-9749-4E9E-8909-61FFD7E6AD24;;1;72,0;;5601J0011
57598;31;30/09/2024 00:00:00;340cf66f-05a2-4981-9c10-dd0c33905a8b;;1;;;5601J0008
57608;22;25/09/2024 00:00:00;ecc400fa-2484-4933-8b14-4e7d741cc21c;;1;140,0;;5632J0001
57609;21;30/09/2024 16:06:00;4D05092D-DEA5-4690-90A9-F22C92935E2A;;1;;;5632J0001
57610;31;28/09/2024 00:00:00;99f142f5-cba8-4548-8d1c-c6fd9e282988;;1;230,0;;5632J0001
57615;11;25/09/2024 00:00:00;cce1fdef-0512-4482-ab4f-9a5fe11d7eee;;1;70,0;;5630J0001
57616;31;25/09/2024 00:00:00;a260bf2d-a6b9-4157-ac93-3c815603e43b;;1;165,0;175,0;5630J0001
57617;11;29/09/2024 00:00:00;0f24b251-87ab-4181-909f-dfb7132c21b5;;1;71,0;;5630J0001
57619;21;27/09/2024 07:45:00;12129083-20F3-488D-9905-186A683EF183;;1;133,0;;5630J0002
57620;31;25/09/2024 00:00:00;203c44a8-9e22-4b4c-a50e-1f467a4e60b0;;1;189,0;;5630J0002
57629;22;02/10/2024 00:00:00;c2691f02-44f0-445f-962d-08d145869526;;1;;;5610J0001
57630;31;09/09/2024 00:00:00;56cf0c2f-2cb8-4e32-bdf9-b2f580416a2a;;1;165,0;;5610J0001
57631;11;21/09/2024 00:00:00;88D13908-E3D8-46F9-B0AE-6D65FE2C611B;;1;35,0;;5610J0062
57632;31;08/09/2024 00:00:00;D438E2B4-8232-4CDE-B1D4-FBBF1CB3D6A0;;1;226,0;;5610J0062
57635;12;07/09/2024 00:00:00;fbed813f-47c2-4070-aa6d-d665ceb1ca92;;1;55,0;;5610J0003
57636;31;29/09/2024 00:00:00;0768c315-9cda-40b6-bcf0-e44c2d8ba51b;;1;280,0;276,0;5610J0003
57639;21;12/09/2024 00:00:00;ed597cfa-fa20-4add-93d9-f8462c98504c;;1;91,0;93,0;5610J0005
57640;31;23/09/2024 00:00:00;eab4ae6a-e848-4a83-b97f-226da9b6a414;;1;196,0;;5610J0005
57641;22;28/09/2024 19:00:00;1C10A2BF-94FD-47C1-87F8-A5C97E947724;;1;109,0;;5610J0006
57645;12;11/09/2024 00:00:00;4de9fa26-698a-482e-93c5-0e9f7a5896d9;;1;52,0;;5610J0007
57646;31;07/09/2024 00:00:00;4008e91e-91b7-413b-8f14-2d4d4533d8cd;;1;171,0;;5610J0007
57647;21;09/09/2024 08:12:00;;;1;106,0;;5610J0008
57649;21;06/09/2024 00:00:00;;;1;101,0;;5610J0009
57650;31;14/09/2024 00:00:00;;;1;165,0;;5610J0009
57651;12;07/09/2024 18:00:00;;;1;50,0;;5610J0011
57652;31;08/09/2024 10:51:00;;;1;236,0;;5610J0011
57653;12;06/09/2024 00:00:00;c62549fa-3cfc-4347-af5d-af234c81ca74;;1;42,0;;5610J0012
57654;31;08/09/2024 00:00:00;26963bf4-f60f-4e20-aa33-d1e19ccf12bc;;1;250,0;;5610J0012
57655;12;14/09/2024 00:00:00;c2583457-8b59-44b3-962e-8676fca89320;;1;51,0;;5610J0013
57657;12;06/09/2024 00:00:00;;;1;49,0;;5610J0058
57659;31;30/09/2024 00:00:00;02d37ec4-98c1-43c2-82e6-6b1a9d4d8be6;;1;184,0;;5610J0014
57660;21;08/09/2024 00:00:00;40b8e03e-2d3b-4da8-a5bc-e41634b0802b;;1;143,0;;5610J0014
57661;21;16/09/2024 00:00:00;;;1;142,0;;5610J0015
57664;21;07/09/2024 00:00:00;37f4ae94-6df6-4327-b0b4-501c47b31bf4;;1;130,0;;5610J0016
57665;22;05/09/2024 15:40:00;;;1;85,0;;5610J0017
57666;32;14/09/2024 00:00:00;1656a2f3-b6a4-4948-87ae-0746e92c32ce;;1;144,0;;5610J0017
57667;12;11/09/2024 00:00:00;49CA8F51-48C9-40A6-801D-275F0F32FD12;;1;48,0;;5610J0018
57668;31;07/09/2024 00:00:00;782e7d86-2fad-40eb-9d77-dab91d1b053f;;1;163,0;;5610J0018
57669;12;02/09/2024 00:00:00;b05afaa5-b933-435f-8145-efb68d2f8aa3;;1;36,0;;5610J0057
57670;31;15/09/2024 00:00:00;5e89b8ba-a028-481b-8cb9-fdbc33eb2648;;1;255,0;;5610J0057
57673;12;03/09/2024 00:00:00;b18b657e-caec-4a3e-b7c9-6dcda7d41628;;1;51,0;;5610J0020
57674;31;01/09/2024 00:00:00;f2d61111-1721-473b-91ad-cdc0179f768f;;1;220,0;;5610J0020
57677;12;01/09/2024 00:00:00;dbcd6fc8-3905-4394-b929-3a954f040e84;;1;57,0;;5610J0060
57678;32;01/09/2024 00:00:00;45f1f723-7aa1-47d0-8323-d751506462e7;;1;154,0;;5610J0060
57682;31;19/09/2024 22:32:00;5B2FF830-6C2E-49C5-B565-8FDA00AFB7B0;;1;;;5610J0049
57684;31;27/09/2024 00:00:00;77babdee-e330-4b64-949a-e2b5a2d51b14;;1;198,0;;5610J0021
57687;21;03/09/2024 20:46:00;5E9D613D-737E-477F-A514-67727C0DE61D;;1;107,0;;5610J0023
57688;22;06/09/2024 00:00:00;B1D07A4B-7C13-429C-9461-A71196C07CE8;;1;113,0;;5610J0023
57690;32;04/09/2024 00:00:00;;;1;205,0;;5610J0024
57691;22;01/09/2024 00:00:00;D041EB85-23B2-4DC4-9B11-5633D67E1EE2;;1;138,0;;5610J0025
57692;31;01/09/2024 00:00:00;0EF93000-27F5-45FD-A2BD-B94BA8CADF92;;1;167,0;160,0;5610J0025
57693;21;28/09/2024 00:00:00;;;1;128,0;137,0;5610J0026
57695;11;28/09/2024 00:00:00;;;1;46,0;;5610J0027
57697;12;24/09/2024 00:00:00;41a073d6-744d-4da4-ae35-4b54514dbaac;;1;51,0;;5610J0028
57698;11;24/09/2024 00:00:00;8e7f920c-6889-4262-83cf-2bb9556aae7c;;1;48,0;;5610J0028
57699;12;02/09/2024 00:00:00;13c5c66c-7a82-4da4-825b-65847584fbf3;;1;52,0;;5610J0063
57700;31;25/09/2024 00:00:00;;;1;172,0;;5610J0063
57702;31;22/09/2024 06:14:00;E9A6AB5B-B508-4713-8315-F4647615AD55;;1;250,0;;5610J0029
57703;12;06/09/2024 00:00:00;;;1;48,0;;5610J0030
57707;12;15/09/2024 00:00:00;2F5D7B9A-20D3-4360-830B-796AC9F0A948;;1;38,0;;5610J0032
57709;11;20/09/2024 00:00:00;;;1;41,0;;5610J0033
57710;31;23/09/2024 00:00:00;;;1;146,0;;5610J0033
57712;31;07/09/2024 10:56:00;790F5E65-2402-4A20-A596-03B4A93039C2;;1;247,0;;5610J0064
57714;32;05/09/2024 00:00:00;;;1;163,0;166,0;5610J0034
57718;31;14/09/2024 00:00:00;5e725aea-a070-41f7-ae05-7834a6130027;;1;180,0;;5610J0036
57720;31;09/09/2024 00:00:00;2c5a9cab-330b-44ea-89fa-31a623ea784d;;1;181,0;;5610J0037
57721;21;06/09/2024 00:00:00;;;1;123,0;;5610J0065
57723;31;21/09/2024 00:00:00;30DD1C21-25D5-4C26-9040-001EF5430823;;1;161,0;161,0;5610J0038
57725;22;03/09/2024 09:30:00;;;1;138,0;;5610J0042
57726;31;10/09/2024 16:25:00;;;1;250,0;;5610J0042
57727;22;04/09/2024 00:00:00;89932F6C-5A2C-4ECD-8A0A-42B76496EBD7;;1;147,0;;5610J0043
57728;31;30/09/2024 17:44:00;FF520A8C-27BC-4D4A-BBBB-4175ED88C6CA;;1;;;5610J0043
57729;22;06/09/2024 14:16:00;7C0200FE-0C85-4940-B1E5-10781406C50D;;1;130,0;;5610J0044
57730;31;03/09/2024 18:36:00;6EB6DB55-3649-4006-923E-6D24CF9784D9;;1;221,0;;5610J0044
57731;11;15/09/2024 00:00:00;bd0dcee6-9106-4b98-b26a-7b7ea3b363cf;;1;56,0;;5610J0045
57733;32;19/09/2024 00:00:00;DDAE2E63-07DD-4F02-ADFD-000CBBFDA6AA;100000157733;1;165,0;;5610J0046
57735;22;18/09/2024 10:22:00;AF59D0F7-63D0-497B-88EB-D68C11BB78E1;;1;112,0;;5610J0047
57736;31;19/09/2024 14:30:00;DDD6BBD4-0CEE-4BBB-A6A5-3F39538F1E5A;;1;262,0;;5610J0047
57739;22;03/09/2024 10:25:00;2D4FAFD8-A99F-4027-A301-A0AB6D281D34;;1;144,0;;5610J0040
57745;21;20/09/2024 13:36:00;11E9460E-6534-4DF2-BB42-ED39AB2060C7;;1;129,0;;5610J0048
57746;31;06/09/2024 00:00:00;CB7A11AC-998A-4077-8982-41BDB68BA17A;;1;0,0;;ERR
57748;31;15/09/2024 00:00:00;;;1;170,0;;5610J0050
57749;11;07/09/2024 16:07:00;;;1;67,0;;5610J0051
57750;31;21/09/2024 00:00:00;05147699-8a6d-4efb-828c-1d6c9d5cf280;;1;264,0;;5610J0051
57752;31;27/09/2024 00:00:00;d55eb208-a358-4e89-bc23-642b6889c80f;;1;168,0;;5610J0068
57755;21;22/09/2024 00:00:00;d01e0479-d9b1-435f-8c0b-3ec16d4fb9a6;;1;125,0;;5610J0053
57756;32;26/09/2024 00:00:00;a4f1f03d-7b40-4ef6-84ae-1b8c3c80c609;;1;175,0;;5610J0053
57758;31;23/09/2024 00:00:00;99c7b9eb-c074-4b53-97f7-28827707549a;;1;239,7;;5610J0067
57761;21;09/09/2024 00:00:00;39952a99-8709-4305-8875-3d77ea2e7e71;;1;116,0;;5612J0004
57763;31;22/09/2024 09:19:00;;;1;160,0;;5612J0004
57767;31;22/09/2024 00:00:00;349936a4-e610-4884-ae0a-486dfea35a8a;;1;201,0;;5612J0010
57768;21;25/09/2024 18:10:00;;;1;138,0;;5612J0011
57769;22;17/09/2024 00:00:00;;;1;122,0;;5612J0012
57771;31;14/09/2024 00:00:00;1a91d613-2d9f-445f-bd1b-051edc502ee0;;1;247,0;;5612J0014
57772;22;03/09/2024 00:00:00;;;1;107,0;;5612J0053
57773;21;03/09/2024 12:38:00;3CD8A226-E7CC-43FC-9CAC-2BB1695E7950;;1;112,0;;5612J0054
57774;11;18/09/2024 17:06:00;0F99EA76-4107-459A-8929-122D68F7A676;;1;119,0;;5612J0016
57775;31;06/09/2024 16:00:00;;;1;188,0;;5612J0017
57780;22;08/09/2024 15:57:00;702F371C-7A78-488F-9153-5B2CA4493CDA;;1;115,0;;5612J0019
57781;21;13/09/2024 12:24:00;5DB37C79-B0E7-4F24-89E9-C5BE5C99D30C;;1;119,0;;5612J0019
57782;22;18/09/2024 16:40:00;402D8A78-52B9-4C39-ACBE-173704BE0DB9;;1;127,0;;5612J0020
57783;31;28/09/2024 00:00:00;859c27f0-5c15-4de2-aa14-b821263dd0e8;;1;;;5612J0021
57790;31;01/09/2024 00:00:00;22a5ba03-2924-4389-b4d0-f858ae49de49;;1;175,0;;5612J0027
57793;21;01/09/2024 00:00:00;558b46ae-e337-450f-9cfd-1d80c768d594;;1;120,0;;5612J0030
57795;21;07/09/2024 00:00:00;16557737-620d-4377-8887-d2dfa80acf00;;1;130,0;;5612J0051
57801;21;04/09/2024 00:00:00;;;1;124,0;;5612J0038
57802;21;04/09/2024 00:00:00;;;1;144,0;;5612J0039
57803;31;14/09/2024 22:20:00;;;1;;;5612J0040
57807;12;29/09/2024 09:26:00;2ED14336-B628-463E-AD00-AF5B83A6F605;;1;70,0;;5622J0001
57809;12;25/09/2024 11:00:00;;;1;58,0;;5622J0002
57810;31;27/09/2024 00:00:00;1d5b33a5-d431-432e-8a46-2e0105ff490c;;1;265,0;;5622J0002
57811;12;28/09/2024 00:00:00;;;1;71,0;;5622J0003
57812;31;25/09/2024 00:00:00;10916044-B2A1-45A6-BDE0-D6EF720E1094;;1;161,0;;5622J0003
57814;31;28/09/2024 00:00:00;98b54d89-62f1-4b8b-b3ab-f52da1406174;;1;279,5;;5622J0005
57817;21;27/09/2024 00:00:00;ba1ca7ab-4f52-451e-b2c3-99e786b60672;;1;170,0;165,0;5622J0006
57827;11;28/09/2024 00:00:00;0e8d1f9a-2296-4f9e-b80f-aff85decdcbe;;1;49,8;52,0;5622J0027
57828;31;29/09/2024 00:00:00;fb06184d-65cc-47fb-a15e-1f94e74cd58f;;1;189,0;;5622J0027
57829;12;28/09/2024 12:54:00;;;1;63,0;;5622J0028
57833;22;25/09/2024 00:00:00;CDEDB693-17E7-4477-B6EE-C65C810653F6;;1;108,0;;5622J0033
57839;11;30/09/2024 16:24:00;5DA505F8-B761-4ABD-87E6-5A3C59FCDB6F;;1;72,0;;5622J0023
57842;31;27/09/2024 00:00:00;0805f93d-0bcd-4d98-9ef8-b263813af73a;;1;;;5622J0029
57848;32;25/09/2024 00:00:00;719552f2-a749-44f4-b01d-b1ea0b9e7b6b;;1;;;5622J0011
57852;31;27/09/2024 16:47:00;B2983511-B6BB-44FD-A188-300DFE8FDA8D;;1;;;5622J0025
57855;12;01/10/2024 00:00:00;;;1;;;5622J0014
57856;32;26/09/2024 14:32:00;;;1;177,0;;5622J0014
57859;22;27/09/2024 00:00:00;522770f5-c788-4812-b167-5d9c8048af1c;;1;105,0;;5622J0016
57861;11;25/09/2024 16:18:00;95D3755F-CFAF-4FEC-BBDC-94A8383142F6;100000057861;1;69,0;;5622J0017
57862;31;30/09/2024 10:31:00;E015AF0C-D273-4D92-8CC4-8968A8359C0F;100000057862;1;209,0;;5622J0017
57865;22;29/09/2024 14:05:00;;;1;;;5622J0032
57869;11;27/09/2024 00:00:00;b7aa742e-28b3-439f-8717-0d87ce2e3866;100000057869;1;67,0;;5622J0017
57870;32;26/09/2024 00:00:00;af4d283e-82e0-4885-a9f3-8417a42ca0b7;100000057870;1;175,0;;5622J0017
57871;22;25/09/2024 00:00:00;60D6FF12-15DF-4C2E-9764-F347C3C78D7C;;1;132,0;;5622J0036
57872;21;26/09/2024 08:33:00;CEAFDF17-FB80-4E17-A4D5-E55AE41D7AD3;;1;108,0;;5622J0036
57876;31;26/09/2024 00:00:00;9522bccc-c8a8-4d8e-906a-be5f996666a9;;1;250,0;;5622J0037
57879;11;27/09/2024 12:32:00;7A8E45D0-16C2-4DE1-9881-37F6A3E7B9FE;;1;52,0;;5622J0035
57880;31;25/09/2024 15:33:00;BE91FFCC-1D4F-4F02-B866-D1261C76216F;;1;286,0;;5622J0035
57883;22;25/09/2024 00:00:00;6f80c1fa-a420-418b-8531-9145ad599f3f;;1;157,0;157,0;5624J0011
57884;31;28/09/2024 00:00:00;c56c6609-9446-484d-812e-35e80c39798e;;1;314,0;;5624J0011
57887;12;26/09/2024 00:00:00;f15b9d91-79de-4ede-83f9-dbdd2e442bb1;;1;75,0;;5624J0003
57888;31;29/09/2024 00:00:00;480b2765-1dac-4425-a601-70534cb1f135;;1;190,0;;5624J0003
57890;31;29/09/2024 00:00:00;7cb01df3-fd76-4076-9c47-2007687f6175;;1;215,0;;5624J0010
57891;11;25/09/2024 08:47:00;CA99986F-F8CB-42FE-A219-CBDDA289773D;;1;60,0;;5624J0004
57895;21;30/09/2024 12:41:00;;;1;138,0;;5624J0015
57896;31;28/09/2024 17:13:00;;;1;191,0;;5624J0015
57897;12;25/09/2024 12:33:00;8981CEFF-5AE7-453E-A56E-47F04742B98B;;1;90,0;;5624J0016
57898;31;25/09/2024 12:36:00;1C0FE07D-00A6-42E3-B7FE-BD8E2064E626;;1;243,0;;5624J0016
57899;21;29/09/2024 00:00:00;;;1;;;5624J0017
57900;31;25/09/2024 00:00:00;;;1;201,0;;5624J0017
57905;22;28/09/2024 00:00:00;3c692ad3-6579-4bfa-9aef-bbb126a23ab9;;1;;;5607J0012
57907;32;25/09/2024 00:00:00;b7d2cb00-f0ff-4171-93f0-f9d44af4a985;100000057907;1;155,0;144,0;5607J0018
57908;32;27/09/2024 00:00:00;0e8a6db4-b27d-4a9e-b62a-5f35302a194d;100000057908;1;165,0;;5607J0018
57909;12;02/10/2024 07:04:00;89953D41-7881-4863-AB1B-F82E3BCDF611;;1;;;5607J0004
57910;32;02/10/2024 07:29:00;EF4DBDE2-9F37-4777-874F-069A0C197EE9;;1;;;5607J0004
57911;32;28/09/2024 00:00:00;9C8A3C10-C4C8-4F89-B94F-498D49568274;;1;174,0;;5607J0013
57912;12;30/09/2024 00:00:00;B9B6EA0D-BA1B-4B60-8AB5-9ADC29298A97;;1;65,0;;5607J0013
57913;21;28/09/2024 00:00:00;52f618a7-d776-46ff-ae1f-0d18abb53271;;1;139,0;;5607J0008
57914;31;28/09/2024 00:00:00;6215d626-ca8d-4305-9c0c-d41647435eef;;1;203,0;;5607J0008
57915;22;26/09/2024 00:00:00;135194d7-f39a-4163-9bb6-336bd6c36c39;;1;144,0;;5607J0009
57916;12;28/09/2024 00:00:00;d4e8e4a2-1ea9-4bd4-a169-b792d1fd1482;100000057916;1;49,0;49,0;5607J0009
57917;21;26/09/2024 17:07:00;;;1;;;5607J0010
57918;11;27/09/2024 10:42:00;;;1;49,0;;5607J0010
57919;22;25/09/2024 08:01:00;67D195C0-1FB1-4F51-A836-3DDFF486A843;;1;;;5607J0011
57920;31;27/09/2024 16:41:00;AB094669-3BBB-4DAB-A9B8-12DFE324409B;;1;;;5607J0011
57921;12;01/10/2024 15:28:00;;;1;;;5607J0017
57922;31;30/09/2024 07:44:00;;;1;;;5607J0017
57924;31;29/09/2024 00:00:00;61a768ea-d763-4181-be61-9e19d382568c;;1;;;5636J0001
57927;11;28/09/2024 00:00:00;7645ce90-40cb-42fc-9ec4-ddc77f3825dd;;1;;;5636J0003
57928;11;30/09/2024 00:00:00;11ef10ad-fb32-4f6e-86da-6da1f6ffdf0a;;1;;;5636J0003
57929;22;29/09/2024 00:00:00;79cc4fe9-553e-4e72-9346-f90aed731c72;;1;158,0;;5636J0004
57930;32;30/09/2024 00:00:00;4fa19322-4681-4e16-867e-90f7726a7396;100000057929;1;167,0;;5636J0004
57931;11;25/09/2024 00:00:00;5d609275-ffa9-43d1-b9e9-bdc51e36c30e;;1;48,0;;5636J0005
57935;21;25/09/2024 15:27:00;;;1;124,0;;5636J0007
57936;11;30/09/2024 17:20:00;;;1;76,0;;5636J0007
57937;11;30/09/2024 14:34:00;778C33A8-ED70-481C-8214-E0BCEA43C552;;1;;;5636J0008
57939;12;27/09/2024 00:00:00;a9a39b83-d09b-44b9-968a-b685bc55eb96;;1;42,0;;5636J0009
57940;12;27/09/2024 00:00:00;d8d37a6a-0281-46bf-b240-1da28fbb5823;;1;46,0;;5636J0009
57941;21;26/09/2024 13:43:00;0281ABD8-D568-4E0E-8F2A-3E8F68D283C6;;1;;;5636J0023
57942;31;28/09/2024 09:29:00;851177AB-E278-4443-89E8-7FE39775ACC0;;1;;;5636J0023
57943;22;30/09/2024 14:10:00;;;1;115,0;;5636J0025
57945;31;26/09/2024 00:00:00;;;1;187,0;;5636J0015
57947;21;28/09/2024 00:00:00;b3e9557b-48db-49ce-af65-c971d65f3a7a;;1;;;5636J0016
57948;12;26/09/2024 00:00:00;;;1;74,0;;5636J0016
57949;12;30/09/2024 00:00:00;a57cac45-a036-4717-b851-8377103cfea2;;1;58,0;;5636J0027
57952;31;27/09/2024 11:37:00;7C97F2DE-232E-48E8-9A1A-113379CA10A3;;1;230,0;;5636J0019
57953;12;25/09/2024 00:00:00;324d3082-d685-4c79-9164-f86c69dcd08d;;1;49,2;;5636J0020
57954;31;27/09/2024 00:00:00;a1cab12c-9e01-4c54-883b-f16a7a720624;;1;197,0;;5636J0020
57955;21;25/09/2024 00:00:00;184fc8b2-1154-434e-89dc-b261694ecbe0;;1;136,0;;5636J0021
57956;21;25/09/2024 00:00:00;569a81ab-d987-42bd-b85d-cf1b376ebf6c;;1;135,0;;5636J0021
57957;21;25/09/2024 16:28:00;4A85ACBF-9376-43DE-B094-631AC545AA4D;;1;131,0;;5636J0028
57958;21;27/09/2024 08:40:00;CAC9B582-1C13-4372-8EC4-FDF0E693B41B;;1;82,0;;5636J0028
57960;31;01/10/2024 19:23:00;;;1;;;5636J0029
57961;12;29/09/2024 00:00:00;4d08d829-a4ec-4697-8353-0f0e52bc6be1;;1;45,0;;5628J0001
57962;22;30/09/2024 00:00:00;93b73f80-880e-4136-a194-41c11cc452a9;;1;;;5628J0001
57963;21;01/10/2024 15:42:00;14147F7B-A884-4706-8CD2-CC89FD7FB706;;1;;;5628J0001
57964;32;29/09/2024 00:00:00;36bab39c-70b9-4d0e-92e4-8f74aec68623;;1;212,0;;5628J0001
57969;11;01/10/2024 00:00:00;4368be5c-8280-4bb1-9dfe-7a78fdc1540c;;1;;;5628J0003
57970;22;26/09/2024 00:00:00;66069596-a7f2-41a6-aa09-1ece6d9b08be;;1;;;5628J0003
57971;31;27/09/2024 13:14:00;FAC97640-EF55-4BA3-8B1F-2374EE563B20;100000057971;1;;;5628J0003
57980;11;29/09/2024 14:00:00;A41B4913-A962-459E-B38A-74D088978CB3;;1;73,0;;5628J0006
57981;22;27/09/2024 15:37:00;1F8E72D2-05A1-4C3A-A7B4-AE1479BD7711;;1;;;5628J0006
57982;31;25/09/2024 18:27:00;48E3BAA8-CDFE-4F96-8787-B7C2271EC27E;;1;;;5628J0006
57983;11;29/09/2024 14:01:00;9D5A8769-CD27-4548-956A-FDC3E542CE2D;;1;72,0;;5628J0006
57984;22;29/09/2024 10:29:00;;;1;;;5628J0007
57985;22;29/09/2024 10:29:00;;;1;;;5628J0007
57986;31;27/09/2024 00:00:00;;;1;;;5628J0007
57990;11;27/09/2024 00:00:00;c175e468-db08-4267-8edc-c648c3d78d51;;1;53,0;;5628J0009
57991;21;28/09/2024 00:00:00;59454bf9-50f5-4a44-84ad-cf3b0b0ad34d;;1;137,0;;5628J0009
57992;21;28/09/2024 00:00:00;3fe83d5f-4874-4924-8332-7cab4025bfe0;;1;139,0;;5628J0009
57993;31;29/09/2024 00:00:00;4c82ecd4-5302-4c33-a1b7-00e4a844934e;;1;226,0;;5628J0009
57999;31;27/09/2024 00:00:00;35a32f70-ad4f-43e4-bda8-03ce0879a533;;1;150,0;;5628J0011
58003;12;28/09/2024 18:20:00;B949F74E-31A3-4C46-A4A7-178F2C1B7FCA;;1;80,0;;5628J0013
58004;21;25/09/2024 18:47:00;B5E05FDA-AA52-46B7-A990-BCCA33BCB04F;;1;134,0;;5628J0013
58005;31;30/09/2024 00:00:00;fe650e7c-7104-4036-af0b-fa25e5f69d3a;;1;217,0;;5628J0013
58006;22;26/09/2024 14:09:00;394CBCCB-CE33-4ABD-95CB-B98D0CB0CC9C;;1;116,0;;5628J0013
58010;22;30/09/2024 12:51:00;B3F28435-03E8-4915-97A6-AB01248BFDBD;100000058010;1;122,0;;5628J0014
58013;22;26/09/2024 00:00:00;1a9d081d-2c04-4070-a335-b75f80837b23;;1;97,0;;5628J0015
58014;31;28/09/2024 00:00:00;329824a5-7a02-478a-8497-25b0164b9c24;;1;194,0;189,0;5628J0015
58015;11;28/09/2024 00:00:00;0179bdc3-c2b9-495c-9bc7-1e8265b30417;;1;61,0;;5628J0015
58017;11;28/09/2024 00:00:00;60551ECF-8AC4-4D8F-991E-760CA868F20A;100000058017;1;85,0;;5628J0016
58018;32;28/09/2024 00:00:00;BC0E3341-E2A0-438F-BA6B-980CF7D4128C;100000058018;1;205,0;;5628J0016
58019;22;28/09/2024 00:00:00;a00746b4-801e-4b6b-8fe8-f3570a4170e6;100000058019;1;;;5628J0017
58020;22;30/09/2024 00:00:00;ea81db77-7a93-4cd5-9de9-869b3566810c;;1;;;5628J0017
58026;22;02/10/2024 09:47:00;;;1;;;5628J0019
58028;11;27/09/2024 00:00:00;;;1;75,0;;5628J0020
58029;21;28/09/2024 00:00:00;;;1;122,0;;5628J0020
58030;31;29/09/2024 00:00:00;;;1;180,0;;5628J0020
58031;31;30/09/2024 00:00:00;;;1;213,0;;5628J0020
58032;12;27/09/2024 00:00:00;7743A789-5FBA-4F00-800D-31D3D45EC959;;1;49,0;47,0;5628J0021
58033;21;30/09/2024 14:16:00;A0B76E5E-0EB3-49E3-B642-2E22418875B8;;1;122,0;;5628J0021
58034;31;30/09/2024 14:15:00;BC409C34-C6AF-448F-B9C6-5DC4F654DBC0;;1;230,0;;5628J0021
58035;32;25/09/2024 00:00:00;E1E5C75A-4995-4D64-96B3-C8EDB1BEB1BA;;1;170,0;;5628J0021
58039;12;30/09/2024 14:24:00;F2633733-B090-44A1-9136-CEE1C288D059;;1;;;5628J0023
58041;31;29/09/2024 15:50:00;2448B554-7C65-4E01-8B7B-45E48E3B3AB6;;1;;;5628J0023
58042;32;25/09/2024 17:51:00;60BA3D31-05C0-473E-A6F9-CF74BD090143;;1;;;5628J0023
58046;22;26/09/2024 16:17:00;25AEE7BC-B5D5-4F0F-88CE-B2309D17F5F6;;1;143,0;;5628J0041
58052;11;01/10/2024 18:42:00;613DC054-B9A3-4550-A708-8770464E321A;;1;71,0;;5628J0055
58058;21;01/10/2024 00:00:00;635568c8-5ed2-4b7a-ba94-6a4d6264f69f;;1;;;5628J0026
58059;31;01/10/2024 00:00:00;3f7c7e13-4f50-49e6-83fd-c8519e61afb4;;1;;;5628J0026
58064;12;27/09/2024 09:18:00;;;1;66,0;;5628J0028
58066;32;02/10/2024 09:14:00;;;1;;;5628J0028
58082;12;26/09/2024 00:00:00;fb40d87b-ef8d-4865-8ef9-1a0cd7c784eb;100000058082;1;63,0;;5628J0033
58084;31;26/09/2024 00:00:00;4eb6f26d-cdb9-4b0e-bbe4-62be826c9467;100000058084;1;285,0;;5628J0033
58085;31;29/09/2024 00:00:00;3dc1c477-051b-4a7a-b8c8-63cf576a26cc;100000058085;1;175,0;;5628J0033
58090;12;30/09/2024 00:00:00;4293973d-4f7d-4838-8f57-7f28f6f091b4;;1;59,0;;5628J0034
58091;22;30/09/2024 00:00:00;ebe2e0fa-5201-406f-a3bd-bbb073c53666;;1;133,0;;5628J0034
58094;12;25/09/2024 05:43:00;7C5E1787-C54B-4151-BA6D-E48EEC1ABF7C;;1;;;5628J0035
58095;11;25/09/2024 12:53:00;DB724D05-73BB-4BFD-96EF-9986730640A7;;1;;;5628J0035
58097;32;25/09/2024 07:29:00;C469B9FD-CFF3-413E-8118-DF0974233A75;;1;;;5628J0035
58098;12;27/09/2024 09:41:00;59D705E7-DECF-406C-B8FA-263470E88882;;1;53,0;;5628J0036
58099;21;27/09/2024 06:30:00;F259F61B-609D-4A3E-912B-218F0FF2870F;;1;125,0;;5628J0036
58100;31;29/09/2024 13:01:00;FCCF52A6-4262-445F-AD0A-76F696F5FA60;;1;;;5628J0036
58104;31;27/09/2024 18:00:00;EB4A0B2E-1FA0-4EBF-8173-A99EF5F61513;;1;;;5628J0037
58105;32;25/09/2024 12:24:00;1266EEB8-DE38-4DB3-A36F-EFF6992A7DE5;;1;;;5628J0037
58107;32;26/09/2024 00:00:00;366D4AAE-DDAD-4C4E-A0ED-E2DECD4A45D5;;1;;;5628J0047
58108;31;25/09/2024 14:25:00;E19F646F-128F-428C-9B3C-AE339C7FFD17;;1;;;5628J0047
58113;21;29/09/2024 20:28:00;6FD95222-EA18-4593-9204-9903EB7BDA33;;1;;;5628J0046
58118;32;25/09/2024 00:00:00;;;1;175,0;;5628J0040
58119;11;29/09/2024 00:00:00;7e34f49c-4e4b-46c1-95b2-5dd7a16589e4;;1;;;5628J0048
58121;31;28/09/2024 00:00:00;0f4f8d3b-8a46-4787-98ba-9a359219418b;;1;;;5628J0048
58124;31;25/09/2024 00:00:00;231e123b-a51d-4758-80df-c193ad75f0fb;;1;255,0;;5628J0049
58131;12;29/09/2024 00:00:00;baedc2ac-a93f-4ad4-b99c-7eb3153f19d6;;1;72,0;;5628J0052
58135;12;30/09/2024 00:00:00;d518efb7-0ad7-412b-8d3c-5c7dd64125b0;;1;;;5628J0053
58143;31;26/09/2024 05:27:00;;;1;;;5605J0037
58145;21;29/09/2024 18:36:00;2EC1C3DA-A877-4D79-A738-220B32E9512D;;1;144,0;;5605J0038
58146;31;01/10/2024 00:00:00;2f7983a6-d8b4-4afb-b25b-7f78d2543ae1;;1;;;5605J0038
58150;12;28/09/2024 15:39:00;093C5545-6816-4918-8DDE-1462F1CDD52B;;1;78,0;;5605J0027
58156;12;26/09/2024 13:50:00;61584CBC-7A98-4184-8389-576AE567F63C;;1;62,0;;5605J0039
58159;31;29/09/2024 00:00:00;f58d2000-dee2-4500-9383-da8167773fd0;;1;;;5605J0040
58170;31;25/09/2024 00:00:00;3795818d-c1a4-4535-b1bf-98bbc00d7c25;;1;260,0;;5605J0009
58172;22;29/09/2024 04:39:00;2BAF2E58-A3A4-461C-A6A3-9A63B9CC0586;;1;;;5605J0010
58173;31;30/09/2024 14:43:00;0A199D2A-CF6F-4B89-AF2C-DD28C0C12125;;1;;;5605J0010
58175;32;28/09/2024 00:00:00;9d0573eb-5f82-4a06-920b-e15c120577b9;;1;190,0;;5605J0011
58176;31;01/10/2024 00:00:00;b57056f1-4f59-4c72-a6ad-4c50ef6d1eba;;1;153,0;;5605J0011
58194;32;27/09/2024 00:00:00;3e6907f4-02db-458f-95b9-774b47e220b1;;1;156,0;;5605J0032
58206;32;30/09/2024 00:00:00;418c664b-1257-4061-aabb-bab40ccecf67;;1;149,0;;5605J0051
58212;12;28/09/2024 00:00:00;;;1;57,0;;5605J0015
58213;11;30/09/2024 17:44:00;;;1;76,0;;5605J0016
58214;12;30/09/2024 17:45:00;;;1;71,0;;5605J0016
58215;22;01/10/2024 00:00:00;;;1;;;5605J0017
58217;31;29/09/2024 00:00:00;;;1;205,0;;5605J0018
58220;32;27/09/2024 18:23:00;95448B77-A842-45C5-BBE4-0762CC7CD66B;;1;148,0;;5605J0041
58222;31;02/10/2024 07:39:00;C1DF714A-FA90-4AB8-9CCA-93BD91EBDD85;;1;;;5605J0042
58224;31;26/09/2024 07:08:00;DC35EB73-F663-4777-8E2B-BF554A31701B;;1;182,0;;5605J0020
58225;12;26/09/2024 10:47:00;;;1;62,0;;5605J0021
58226;11;27/09/2024 00:00:00;;;1;56,0;;5605J0021
58234;31;27/09/2024 00:00:00;f32cc98a-b376-461f-a44f-ece7b39d5cab;;1;;;5605J0023
58236;31;29/09/2024 00:00:00;;;1;;;ERR
58237;12;29/09/2024 00:00:00;EDF459D0-862A-4905-A95A-F6ADE4D45A43;;1;85,0;;5605J0044
58238;31;26/09/2024 06:59:00;B27838C9-3B9E-4D77-BB9E-DED8B62A63F0;;1;250,0;;5605J0044
58240;31;27/09/2024 00:00:00;79a9ddff-e276-4ffc-b4fe-2741d7bbeff6;;1;185,0;;5605J0046
58242;31;25/09/2024 00:00:00;a7cc2ccc-134b-4c59-afb2-4db11a680076;;1;286,0;;5605J0049
58244;12;04/09/2024 08:29:00;A2D2BDC0-E1A2-46F9-963E-41B840CE7339;;1;55,0;;0000J0018
58645;11;18/09/2024 09:05:00;A9D4D25C-9F05-415D-975D-8F14E46ADCCD;;2;50,0;;ERR
58667;11;01/09/2024 00:00:00;1d85cddd-540a-4ca2-b7c0-486631345b18;100000483782;2;29,0;;4010J0061
58668;12;14/09/2024 00:00:00;b22303d6-caad-40e5-9173-70e1ace403a2;;2;31,0;;4010J0061
58669;32;01/09/2024 00:00:00;4d02c3b7-7d71-41ef-b3c7-6453c3e8824c;100000483783;2;55,0;;4010J0061
58670;22;02/09/2024 00:00:00;2fa1129b-eaa9-4db3-8cf9-f38df54f511b;100000483784;2;51,0;;4010J0061
58723;31;19/09/2024 13:21:00;25937749-A6A0-470B-8366-779FF64FE252;;2;20,0;;4010J0055
58732;12;05/09/2024 00:00:00;920ee19e-5d64-419c-a114-0fc00524c844;100000518136;2;20,0;;4010J0012
58748;11;01/09/2024 20:10:00;71EC6914-0EB1-4979-9F61-AE1801E2793F;100000395971;2;18,0;;4010J0008
58759;32;12/09/2024 07:04:00;6EEA2EE0-89E7-4214-BA9A-C473C241514C;100000518125;2;59,0;;4010J0007
58764;12;06/09/2024 18:17:00;5E6B86F6-9A3F-4D1C-9789-E24052FB6868;;2;18,0;;ERR
58765;12;06/09/2024 18:18:00;EFD542BB-0156-44E7-AC2E-52D8B990C818;;2;23,0;;ERR
58782;21;02/10/2024 08:34:00;85B5AB30-1C9C-4D2B-B8F1-8D16EC0F37B9;;1;;;5044J0012
58783;12;25/09/2024 00:00:00;18bec0d7-16fa-43bc-9463-5773e4453b83;;1;44,0;;5041J0072
58784;31;26/09/2024 14:07:00;3D3550DE-24D3-4BD5-A5D4-A63057CB5797;;1;155,0;;5041J0072
58805;21;27/09/2024 00:00:00;15fe1065-deca-4285-8446-a18c2b7bd2ec;;1;130,0;;5603J0001
58806;11;25/09/2024 10:18:00;DE818FD5-964F-448C-9833-001883AE2B9B;100000058806;1;56,0;;5603J0003
58807;31;27/09/2024 13:39:00;5CD08E91-A3DA-48EC-9840-C25185726EB4;100000058807;1;125,0;;5603J0003
58814;32;30/09/2024 13:44:00;;;1;;;5636J0030
58817;11;19/09/2024 00:00:00;da0f0560-4351-4533-883d-a9f122f83883;;1;36,0;;ERR
58823;32;27/09/2024 00:00:00;3f316e58-570f-4c8e-97cd-b0b619561ed7;;2;53,0;53,0;3432J0016
58824;32;28/09/2024 00:00:00;164d006c-e991-48b8-be29-dfda81daccdb;;2;;;3432J0016
58825;31;28/09/2024 00:00:00;a73dd1e2-6d41-4ac9-a91d-22a4463ea429;;2;133,0;133,0;3432J0016
58839;31;28/09/2024 00:00:00;2441A962-048F-4103-B5D7-149B50D89528;;1;222,0;222,0;3432J0015
58844;31;08/09/2024 00:00:00;CDB13C4C-5D1F-46A7-AF7C-0DBCDCFFC6A1;;2;54,0;54,0;3432J0015
58846;22;29/09/2024 13:58:00;71ED3FD8-B15C-457E-9C73-7DEFF537725E;;1;113,0;113,0;5044J0011
58863;12;29/09/2024 10:26:00;6BFA5340-C4AD-4622-9C73-E2567FC7FE9F;;1;46,0;;5025J0004
58881;12;29/09/2024 19:51:00;7A6BA75B-D324-4CFA-B816-EA37814405B6;;1;59,0;;5025J0008
58891;22;27/09/2024 00:00:00;;;1;86,0;;5025J0009
58899;12;29/09/2024 13:50:00;66F61809-DE96-473B-8F46-17EB8402EF90;;1;70,0;;5025J0020
58905;21;28/09/2024 17:27:00;65AC4D05-5789-4E52-83CD-161866AE6402;;1;132,0;132,0;5044J0012
58906;11;30/09/2024 07:58:00;81C8C3F9-02F3-40A8-9E48-533B4523C5EC;;1;24,0;;5044J0051
58908;21;30/09/2024 08:02:00;3F266DC0-1B48-4820-B522-3A7219ADB672;;1;112,0;;5044J0051
58914;31;30/09/2024 18:27:00;1F5BFF4A-DA54-46D0-BB6F-41328B07B634;;1;;;3440J0012
58924;11;30/09/2024 11:16:00;695C3864-A841-4093-A369-393667A99230;;1;60,0;;3440J0014
58925;11;30/09/2024 00:00:00;99C0F8D4-A577-4115-94B5-557785E84937;;1;50,0;;3440J0014
58927;31;26/09/2024 00:00:00;928ebaec-ff5a-4e87-89a5-cc3f0695d626;;1;234,0;233,0;3440J0029
58928;22;28/09/2024 00:00:00;3a0a1375-cb4b-4cea-aba6-24f6345cf33a;;1;112,0;;3440J0029
58935;21;30/09/2024 00:00:00;b1c0d187-8824-4485-99d6-6dbd3a7d6e45;100000504336;1;84,0;84,0;3440J0016
58940;31;29/09/2024 17:44:00;4D3F997A-D8EF-4D1E-87A5-32AE8134C9C5;;1;243,0;;3440J0031
58942;21;29/09/2024 17:47:00;88090814-FF22-4A3E-B454-2787C0A944B3;;1;147,0;;3440J0031
58943;12;30/09/2024 15:57:00;20DAA3D5-735A-43F1-A462-180729A8D62A;;1;44,0;;3440J0031
58944;12;25/09/2024 00:00:00;F3CF28AF-35BF-4452-99A8-229F903FE312;;1;;61,0;3440J0031
58945;21;29/09/2024 17:48:00;CDCA977D-BD3E-4445-BF02-1E1DF6ED9598;;1;118,0;;3440J0031
58946;21;29/09/2024 17:45:00;D1167F33-2929-413F-8BDA-76CF0DB985CE;;1;169,0;;3440J0031
58947;31;26/09/2024 00:00:00;5B85E3BB-5637-4AA5-A305-61E2634411C6;;1;183,0;180,0;3440J0018
58948;11;28/09/2024 00:00:00;F1DE1EA8-326E-4C0F-A6DD-82978D78E0BB;;1;46,0;43,0;3440J0018
58950;31;30/09/2024 14:20:00;CE9E86B4-DEFF-4765-8B23-A10B8ED2D1F5;;1;;;3440J0019
58951;32;27/09/2024 12:05:00;8692AC29-5C32-47C7-85DD-B3FED9F3D768;;1;165,0;;3440J0019
58952;11;27/09/2024 12:09:00;055FF03C-63CD-4F97-ABDA-F7D6ED568032;;1;71,0;;3440J0019
58953;21;28/09/2024 00:00:00;9F435BE0-F050-41E3-BF59-B6EF9C221219;;1;132,0;;3440J0019
58954;11;30/09/2024 14:19:00;5BADB0AC-1AEE-446E-B043-44C5222B02E6;;1;;;3440J0019
58956;11;28/09/2024 16:45:00;7608F596-23FC-47F2-BDAD-CDF1954C7F73;;1;63,0;;3440J0019
58958;32;27/09/2024 15:40:00;E08295C9-93E7-4493-8D65-96008C3E7AC2;;1;158,0;;3440J0036
58959;11;26/09/2024 00:00:00;5D2B1A70-74E1-486B-A995-9FFCE71EB2F0;100000632486;1;44,0;;3440J0036
58964;31;29/09/2024 00:00:00;6f6b761f-c78f-4140-bc27-05d40ab39da3;;1;;;3440J0021
58972;22;25/09/2024 09:04:00;1E2B63AB-7615-4769-91AE-9081CBC3D23E;;1;;131,0;3440J0022
58973;21;25/09/2024 09:36:00;47195B2F-F278-4E9E-9592-B5FA7C152ECE;;1;;110,0;3440J0022
58974;12;27/09/2024 00:00:00;CBDFFE10-A862-40C3-A93F-5054E7AB0DFF;;1;;54,0;3440J0022
58975;12;28/09/2024 00:00:00;CF9371DD-50B9-4648-98D1-AB1B8E060E64;;1;;65,0;3440J0022
58977;31;26/09/2024 14:41:00;A0C47F91-27F5-4C9E-A610-5339CA28FF88;;1;199,0;;3440J0023
58979;22;29/09/2024 17:48:00;3869C458-BBF2-4F6A-9E0A-524A96BE4A7A;;1;;;3440J0023
58986;12;26/09/2024 00:00:00;42167714-9343-4C51-AA33-D1FFE28BDE27;;1;38,0;38,0;5045J0003
58990;12;27/09/2024 17:01:00;44B22240-E6FB-46AD-924C-9BC9BB67BEC1;;1;43,0;;5007J0209
58991;11;20/09/2024 00:00:00;f7d5a686-3df6-47f0-9e23-751b48709cc6;;1;65,0;64,0;ERR
58992;11;29/09/2024 17:35:00;31A429C8-F0A5-41CF-BDC2-A0277DA88410;;1;61,0;;5007J0209
58993;21;20/09/2024 00:00:00;2f61b4cd-29ab-41ca-8e2e-5ea1aed3504c;;1;135,0;;ERR
58994;32;28/09/2024 17:00:00;60FEF726-85A4-4A72-93BF-F2CF0CD61733;;1;146,0;146,0;5007J0209
58997;12;25/09/2024 00:00:00;216c97c4-f7a6-403f-bfde-ca62ec1ac729;;1;60,5;58,0;5007J0210
58998;21;25/09/2024 00:00:00;62a23c86-6b66-43e6-86f5-251f9199ec6e;;1;104,0;101,0;5007J0210
59003;11;25/09/2024 00:00:00;1a8c56f8-1a8b-4850-b060-e0dfe739bf3d;100000519898;1;49,0;;5007J0208
59005;12;26/09/2024 00:00:00;35461c5f-6307-4698-9cf3-c1961c975a8a;;1;38,0;38,0;5007J0208
59011;12;27/09/2024 09:16:00;C61A9DC4-AD0C-4466-8F01-F09A4B7080B1;;1;55,0;;5006J0086
59012;11;30/09/2024 14:16:00;7000FEAB-4D14-4039-A626-D2827528133C;;1;47,0;;5006J0086
59023;12;28/09/2024 00:00:00;19cc7d9c-345a-4dcb-8114-7110387eae9f;;1;;;5006J0089
59024;12;29/09/2024 00:00:00;12f13954-f488-4802-a5b9-e9a7d58dc424;;1;;;5006J0089
59030;31;29/09/2024 00:00:00;3f5f6822-b8cf-448b-9145-e08f57c2650c;;1;228,0;;5524J0125
59050;21;26/09/2024 08:27:00;;;1;171,0;;5035J0049
59059;12;13/09/2024 00:00:00;F25CCACF-641B-4FED-A088-1A6BFA564D12;100000519398;2;30,0;;5035J0048
59087;22;30/09/2024 00:00:00;e816cf86-61cc-42c7-8e22-dfcc5825e11e;;1;124,0;;5034J0024
59106;12;30/09/2024 00:00:00;861b9ba3-ce97-438c-b5e0-34a190016c49;;1;39,0;39,0;5007J0002
59108;21;27/09/2024 00:00:00;9b043a14-f332-4ad5-924d-3e09cff42413;;1;107,0;;5007J0002
59109;22;25/09/2024 00:00:00;8961a5d1-ea48-40c4-8150-5e1abb7b0015;;1;91,0;;5007J0002
59110;31;30/09/2024 00:00:00;68b716a5-37a2-4c7f-bb0a-d1f6b4f24789;;1;190,0;;5007J0002
59113;21;25/09/2024 00:00:00;f476b8e2-4075-4201-a3e5-ae18185cdc72;100000565616;1;95,0;;5007J0265
59117;12;27/09/2024 16:20:00;C1747CD1-24B0-4E0D-9827-383C60976AB5;100000350009;1;49,0;;5007J0007
59121;11;28/09/2024 12:06:00;C368D2DB-CDA7-449A-B2A8-F7166BD4C7B9;100000627895;1;47,0;;5007J0012
59122;12;27/09/2024 15:17:00;FE350024-5151-4230-AF6B-6107852166A1;100000627898;1;51,0;;5007J0012
59123;21;26/09/2024 14:31:00;6FCBE469-3AE8-4670-B0D6-3738A37120A0;100000627899;1;136,0;;5007J0012
59124;12;28/09/2024 00:00:00;78622336-97ad-4653-9b4d-c63b663cbbdd;;1;48,0;;5007J0017
59125;11;26/09/2024 00:00:00;16ea2f6e-0428-4385-84a3-b5fdb38edc92;;1;54,0;54,0;5007J0017
59126;31;26/09/2024 00:00:00;cefa79e2-3620-47b5-97e5-4c4f456890cf;;1;141,0;;5007J0017
59127;12;30/09/2024 00:00:00;522d83c8-e172-4896-966d-7b4924a7aa2d;;1;42,0;;5007J0264
59144;22;26/09/2024 00:00:00;f96f0ac4-491f-4d70-9202-a5ad5f423796;100000493152;1;97,0;;5034J0006
59147;12;01/10/2024 05:22:00;;;1;63,0;;5034J0009
59152;12;27/09/2024 00:00:00;7efed7b7-d17d-4d02-8be4-e5c63bef574c;100000628697;1;49,0;;5034J0011
59171;31;29/09/2024 00:00:00;6A51CF2D-364F-480E-B9FD-F5730422E463;;1;217,0;217,0;5034J0030
59180;12;26/09/2024 07:37:00;DDC45FED-2D7A-4DFF-87F9-165AA032AD12;;1;53,0;53,0;5034J0007
59191;11;23/09/2024 14:40:00;4AE17D71-24BC-43BA-B613-79AC2D18CEB8;;1;11,0;222,0;0000J0018
59192;21;23/09/2024 14:37:00;EB8D4E14-60C7-4BA2-83CF-DDCB977580AD;;1;77,0;88,0;0000J0018
59193;12;23/09/2024 14:33:00;655FC800-9803-4AFE-A5DB-7A3701BC58CE;;1;99,0;103,0;0000J0018
59205;31;27/09/2024 08:25:00;C37C500E-5820-4A09-B5C8-E3FF74FA0589;;1;;;3440J0004
59210;32;27/09/2024 07:57:00;206D83C5-861D-441F-B849-5C513D4EAD47;100000509595;1;138,0;137,0;3440J0003
59211;21;29/09/2024 00:00:00;7945DF9E-6A83-49F6-A985-69719E027D37;100000504961;1;128,0;;3440J0003
59217;31;27/09/2024 00:00:00;e987bd16-ef2a-4ea8-aec5-c6d367bea3d2;100000505119;1;215,7;;3440J0008
59220;11;28/09/2024 00:00:00;77919321-bdb3-4555-9f45-9a05a0578518;100000505118;1;53,5;;3440J0008
59221;11;30/09/2024 00:00:00;f06702a5-85a1-45b8-bf57-d1977079387b;100000505117;1;61,5;;3440J0008
59228;31;25/09/2024 00:00:00;37e5f043-94f5-47ce-8725-ae202b70a9e8;;1;;;3440J0011
59230;21;26/09/2024 00:00:00;b6935698-eb86-4dc7-8b29-225be262d9ad;;1;;;3440J0011
59231;21;29/09/2024 00:00:00;099097b6-fef1-4ecd-be3c-8c99280739be;;1;;;3440J0011
59232;12;27/09/2024 00:00:00;fc3e9c09-9e85-4fd4-acb7-bb68af345406;;1;;;ERR
59262;31;23/09/2024 14:38:00;AEA0AC0A-F57E-4498-9E85-7D112E991B8E;;1;12,0;200,0;0000J0018
59263;21;11/09/2024 11:42:00;073F790C-A8B0-4DCA-ADC1-1345C352CD77;100000000999;1;0,0;44,0;0000J0018
59266;12;09/09/2024 08:36:00;E59316F0-B06B-4F29-A3A9-95FCFA593DB3;100000518162;2;28,0;;4010J0049
59274;11;20/09/2024 00:00:00;4cdd5403-85a1-4bbf-9fa7-6752e5e76c79;100000395981;2;22,0;;4010J0053
59275;11;21/09/2024 00:00:00;5b3d18d7-22bf-45ba-998a-87ce18986097;100000395982;2;28,0;;4010J0053
59299;11;12/09/2024 07:06:00;7FF1831B-7AC1-4FED-BB78-896D9F95C0D0;100000518124;2;15,0;;4010J0007
59368;12;24/09/2024 13:20:00;A112001E-EA68-449B-8081-C8EDFD843482;;1;;;0000J0018
59399;21;02/09/2024 21:56:00;;;2;46,0;;3423J0145
59400;11;02/09/2024 07:43:00;;;2;22,0;;3423J0145
59417;31;30/08/2024 00:00:00;2604019d-a7e9-43eb-bb41-2177b89f3ada;;1;200,0;;0000J0018
59420;22;29/09/2024 00:00:00;d4941266-3f0f-43d9-80f0-122e53a85ef9;100000123321;1;143,0;;1806J0002
59431;12;30/09/2024 00:00:00;db0101bc-af2c-4792-8a67-e2bee0ac790b;;1;61,0;;5524J0127
59433;31;26/09/2024 00:00:00;4b67dfe8-a6c7-40d2-a817-c497bf9670ca;;1;229,0;;5524J0127
59436;32;25/09/2024 00:00:00;33dfa02d-e4a9-4747-9471-888ab4aa8cde;;1;148,0;146,0;3422J0026
59437;22;26/09/2024 00:00:00;56b6e537-aa7d-4837-84cf-343d489d0e1c;;1;90,0;;3422J0026
59438;22;27/09/2024 00:00:00;da730044-ee3f-4110-8bcf-3075e9a633ed;;1;114,0;;3422J0026
59439;31;27/09/2024 00:00:00;00573c90-8b62-44a5-9502-0996cb8da531;;1;142,0;142,0;3422J0026
59440;22;28/09/2024 00:00:00;141c85b3-cea6-4ec6-8dfe-88fc03ba204c;;1;113,0;;3422J0026
59445;31;25/09/2024 00:00:00;a44cba3f-57c2-4878-911d-0b5440206d4f;;1;253,0;;3422J0026
59446;31;26/09/2024 18:05:00;35CA1FE4-69E1-48C1-82F4-4F8E1AB2B6BD;;1;178,0;;3422J0026
59447;31;01/10/2024 00:00:00;ddd69a54-7baa-4386-9b10-924c514ed8fa;;1;187,0;;3422J0026
59467;31;28/09/2024 11:36:00;63E45683-0B79-43CC-98F4-D3C169E6A61D;;1;0,0;;5512J0002
59469;21;28/09/2024 11:37:00;7406054B-B29A-4447-8FBC-7C7F6C60AE13;;1;0,0;;5512J0002
59477;12;02/09/2024 00:00:00;7e66db39-e3b0-4491-9bf1-4aa7d6f0fb0d;;2;27,0;;3424J0251
59487;21;07/09/2024 20:16:00;38F3AAFE-63CC-4017-8BA6-14DEE2E4207A;;2;47,0;;4616J0106
59488;22;07/09/2024 20:17:00;AAD8EFEE-9D6E-430D-BC29-4EAB3A07D174;;2;36,0;;4616J0106
59500;12;07/09/2024 00:00:00;83DE7E27-18E4-4180-96A6-7B88A6B00873;;2;23,0;;1108J0014
59503;31;15/09/2024 00:00:00;5508F11F-5922-44D1-9579-16ED2B84EB51;;2;75,0;;1108J0014
59524;11;28/09/2024 15:35:00;80B29F47-031E-49C3-BAD0-A97785D26D19;100000282368;1;59,0;58,0;5031J0004
59526;21;01/10/2024 15:56:00;F7D0D1C5-EC05-4E61-B3CE-211D51F68BBD;;1;;;5031J0004
59539;11;25/09/2024 17:29:00;9B154778-FB36-46D2-8A23-708EF953C150;100000427902;1;56,0;;5031J0003
59540;21;27/09/2024 16:50:00;E3024A6F-693B-4AF6-B962-23979810E0BE;100000546909;1;162,0;;5031J0003
59541;11;30/09/2024 12:17:00;4FEB6399-12E5-4627-B607-CD1891E4A9FF;;1;;;5031J0003
59542;12;04/09/2024 00:00:00;C8500751-A5E8-49D7-888A-0EB8A9D64489;;2;22,0;;5021J0035
59560;12;13/09/2024 00:00:00;0bdfba14-2d2d-4cc4-aa4c-2b296a237c97;;2;13,0;;4646J0033
59561;12;13/09/2024 00:00:00;b47ad170-006f-41a0-851a-5bec6ebf9af5;;2;23,0;;4646J0033
59562;31;15/09/2024 00:00:00;d035369e-d00c-4241-8ff9-ab14db32a8f8;;2;69,0;;4646J0033
59566;12;29/09/2024 00:00:00;;;1;62,0;;5025J0032
59567;12;29/09/2024 00:00:00;;;1;72,0;;5025J0032
59568;22;26/09/2024 00:00:00;;;1;119,0;;5025J0032
59595;22;28/09/2024 00:00:00;3aa54988-616d-4c10-b77f-39f3264e2d58;;1;108,0;;1840J0014
59596;31;27/09/2024 00:00:00;eff3990c-0a10-4bc6-b002-0a7da4a024d6;;1;175,0;;1840J0014
59606;31;26/09/2024 18:09:00;FAAEB9C1-529B-4CE7-B90D-1D608E87E713;;1;;;5512J0019
59608;22;27/09/2024 18:37:00;BD8C5BB2-62C9-4972-A281-EA2D3A4BDBCD;;1;;;5512J0019
59611;31;27/09/2024 00:00:00;6e7eb842-cad0-454d-8548-5c0a7514aca9;;1;;;5512J0018
59612;32;26/09/2024 00:00:00;61994462-b4a8-47ba-877f-e5dc5d0074eb;;1;;;5512J0018
59614;11;26/09/2024 00:00:00;f8912b04-766c-4ba1-b5ce-ab78e1dfd510;;1;;;5512J0018
59621;11;30/08/2024 08:11:00;4BB1E76D-5804-4C5D-BC9E-139D4497A779;;1;951,0;200,0;ERR
59623;11;26/09/2024 20:36:00;CD3213D9-F116-41CB-9C5D-2EA5FB632A29;;1;44,0;;5060J0022
59624;11;29/09/2024 22:13:00;1F9D00B2-C3BE-4BE2-95D0-F14156C42730;;1;50,3;;5060J0022
59625;11;29/09/2024 22:22:00;11AAFBD0-576C-4444-AB11-4D33E116B018;;1;42,0;;5060J0022
59634;32;06/09/2024 07:15:00;0DC6038C-35D7-4D2D-B606-EF647B344C24;;1;999,0;97,0;0000J0018
59635;32;09/09/2024 07:57:00;BD1EF57A-6CC3-4BB5-82BB-DB77D7C2FB05;;1;134,0;88,0;0000J0018
59637;21;25/09/2024 08:04:00;56614C68-61EB-4E08-888E-C98826E8DFBE;;2;123,0;;0000J0018
59638;22;01/10/2024 16:13:00;357EE0DB-C42E-49A5-BC07-0C0E88C14F3D;;1;;;5524J0096
59639;21;01/10/2024 16:14:00;38CADDB3-2AC2-44F9-86D5-F3F54355B114;;1;;;5524J0096
59640;31;01/10/2024 16:15:00;1EB27053-4C13-44DC-B64B-6E44FB8F9DA3;;1;;;5524J0096
59641;11;29/09/2024 00:00:00;94bd6c7f-2abf-4317-aa20-f490e37f68c9;;1;67,0;;5524J0002
59645;32;26/09/2024 00:00:00;2e0127d3-6138-474d-a614-f33d9057bec5;100000618774;1;218,0;;5524J0001
59646;11;25/09/2024 19:40:00;55D31316-BA7F-48DB-BC52-0FC0925EF7D6;100000410069;1;62,0;;5524J0086
59647;12;27/09/2024 16:14:00;730FF38A-CD42-410C-A32A-41CB84E094E0;100000373621;1;80,0;;5524J0086
59648;32;27/09/2024 16:10:00;D9C0660D-B774-4CA1-984B-C519A3D4EC79;100000410068;1;190,0;;5524J0086
59650;21;27/09/2024 00:00:00;44139a8d-1fb3-4b9c-8727-f241ddb2bf96;;1;;;5524J0110
59652;32;28/09/2024 00:00:00;e48ba151-c50a-44ae-a1f3-5d3a0a35dc8f;;1;;;5524J0110
59653;11;29/09/2024 16:51:00;4457A9EE-E5F3-4E51-9A35-5B8BE8EA9AB3;100000497383;1;61,0;;5524J0118
59654;21;01/10/2024 07:26:00;22B3AFFD-5298-4924-8019-7BE5F36450DE;100000497381;1;180,0;;5524J0118
59665;22;30/09/2024 00:00:00;52bf33f4-1ef3-4070-b813-b9f0bac6a796;;1;;;5524J0003
59669;31;28/09/2024 00:00:00;bf419e12-d7bc-4f69-a02b-a1a7979f2921;;1;299,0;;5524J0134
59674;22;09/09/2024 00:00:00;8fe8e689-6a72-4789-b8c0-9f362b1c650a;;2;52,0;49,0;0000J0018
59677;21;19/09/2024 12:28:00;C1D7A2F3-A485-48E5-A3CA-2A8B9F43720F;;2;48,0;;0000J0018
59679;11;27/09/2024 09:48:00;7E9D3A5A-DB91-4072-B414-66ABE4B4DFB8;;1;81,0;;5512J0020 
59680;22;25/09/2024 15:04:00;E7122EA0-E889-493C-BC51-97F7EDB33710;;1;141,0;;5512J0020 
59684;11;03/09/2024 00:00:00;0a391ffc-431c-43f1-a947-2911625bee49;;1;150,0;;ERR
59685;11;30/08/2024 00:00:00;9d5d46b6-a0b1-43f6-891a-7e328137f78c;;1;177,0;;ERR
59694;22;29/09/2024 15:06:00;41E91BAC-6907-45A7-99F7-1DFA523F3698;;2;47,0;;4012J0076
59696;21;11/09/2024 13:38:00;B9B85441-2E17-4B84-ABBA-3A04D97442E8;;2;40,0;;4012J0076
59707;22;27/09/2024 00:00:00;6CB05275-F566-49D8-A78E-769030865B0D;;1;64,0;63,0;3431J0002
59708;11;27/09/2024 00:00:00;FA98B372-3103-4976-943F-D57C2BF9F050;;1;61,0;60,0;3431J0002
59709;22;28/09/2024 00:00:00;;;1;122,0;;3431J0002
59714;11;27/09/2024 00:00:00;99dd215d-0879-4506-9b8b-fa9e19dc94c1;;2;26,0;;3431J0003
59715;12;26/09/2024 12:16:00;69E5FA98-8567-461A-A25B-37D5F98DDC02;;1;53,0;;3431J0005
59716;22;26/09/2024 12:46:00;AB48F830-04EE-4840-AB7A-CF526F3D98C6;;1;115,0;;3431J0005
59717;31;27/09/2024 09:33:00;65543C41-E1B5-44C5-BBFF-E10920E2FCD4;;1;145,0;;3431J0005
59719;31;27/09/2024 00:00:00;;;2;118,0;;3431J0002
59721;22;26/09/2024 11:56:00;2E7D2B31-6E35-4383-A5DF-A5A2E6687220;100000618933;1;126,0;;5524J0083
59723;11;30/08/2024 10:17:00;;;1;55,0;;ERR
59725;21;02/09/2024 00:00:00;A8D940A4-E76D-4B05-A519-778249439245;;1;115,0;115,0;ERR
59727;11;30/09/2024 19:36:00;BFFF444A-14F1-4769-9F31-25F3D3A8F0EB;;1;;;5520J0007
59729;31;30/09/2024 19:39:00;F0FE39EA-79FE-42DF-92FD-659A535EDBDB;;1;274,0;;5520J0007
59733;11;29/09/2024 00:00:00;ead9d686-0194-4f65-8c77-92efd530f096;100000631312;1;68,9;;5520J0005
59734;32;25/09/2024 00:00:00;698720a1-2348-49e2-a49d-ec33a296e511;100000631313;1;135,0;;5520J0005
59735;32;29/09/2024 00:00:00;12124587-8d9c-4161-a677-c44be8f1674f;100000631311;1;180,0;;5520J0005
59745;32;29/09/2024 18:11:00;49B99EA3-88EC-4521-9E59-63C4BE17C265;100000631283;1;205,0;;5520J0066
59746;32;30/09/2024 19:26:00;FA5A886B-727C-41D7-A474-DDF265585510;100000631285;1;190,0;;5520J0066
59749;12;29/09/2024 18:16:00;2985DC9B-345B-4A8E-A62F-2508E67C2C59;100000631284;1;65,0;;5520J0066
59750;12;27/09/2024 19:28:00;892C3FCD-2A0C-40B4-A842-DEBBEE67B825;100000631282;1;55,0;;5520J0066
59758;12;27/09/2024 07:43:00;35C8CED7-0C6D-4204-A0EE-7FB8ED8F42BB;;1;52,0;53,0;3303J0059
59759;31;27/09/2024 00:00:00;B95DDDBF-5A45-4B95-8EE1-EEABBE1839F2;100000647668;1;165,0;165,0;3303J0059
59762;12;27/09/2024 08:29:00;B336B587-A1B0-41F2-8669-56AC550927C8;;1;46,0;;3303J0060
59766;11;29/09/2024 00:00:00;caf1f423-d26f-4690-b127-b63da493c65b;;1;61,0;;3303J0056
59773;21;01/10/2024 00:00:00;c42d9d6c-be8c-4526-b479-d4839bdff755;;1;127,0;;3303J0057
59788;11;30/09/2024 18:25:00;723A1218-64CA-4AC5-94B3-E03BB74BF341;;1;;;3303J0040
59792;21;28/09/2024 00:00:00;2a7049a2-a037-457a-8cdc-b7f9197d7d9f;100000647677;1;133,0;;3303J0061
59811;31;02/09/2024 17:55:00;;;1;196,0;;5612J0030
59812;21;03/09/2024 00:00:00;ce0b9edf-d412-44c2-bf33-189046e3ac08;;1;112,0;;5610J0060
59815;21;02/09/2024 07:59:00;50DFCB50-CC1D-4293-A0F7-88CF0D539DBA;;1;0,0;;0000J0018
59816;11;02/09/2024 08:07:00;2C310D62-9F42-4660-B86B-1811CF1BA591;;1;0,0;;0000J0018
59817;21;09/09/2024 09:07:00;ABF72D7A-7A74-4547-845B-F09250056D91;100000008887;1;400,9;400,0;ERR
59818;11;27/09/2024 00:00:00;b5dd40fb-8118-48f0-a92d-6fd4953f4de5;;1;;;5524J0075
59819;31;30/09/2024 00:00:00;88812857-092d-4dbc-bdbf-3e8c617308d6;;1;;;5524J0075
59821;11;26/09/2024 00:00:00;85eff8f6-2eac-46a3-b9a5-3cf3a690b34d;;1;85,0;;5524J0073
59822;21;25/09/2024 00:00:00;7b48f6be-5658-489e-81b7-964dc294cd34;;1;160,0;;5524J0073
59823;31;28/09/2024 00:00:00;77608111-5d2a-4caf-b047-3b8686f9b36b;;1;223,0;;5524J0073
59829;31;27/09/2024 00:00:00;a942a18f-79be-420b-9b74-8160afed21d8;100000618798;1;290,0;;5524J0070
59833;12;29/09/2024 00:00:00;7f9b77f5-deb4-423a-9df9-af1651879f5c;;1;71,0;;5524J0072
59834;31;26/09/2024 00:00:00;9635ece7-eea6-46fa-b836-dc2f892b1ae2;;1;204,0;;5524J0072
59835;32;27/09/2024 00:00:00;0a803fd7-f642-4e7a-8cee-017e822fe033;;1;251,0;;5524J0072
59853;31;30/09/2024 00:00:00;4fd5d853-6ec3-4c13-a3b4-e5ebdf579419;;1;;;5530J0024
59866;21;08/09/2024 00:00:00;;;1;160,0;120,0;0000J0018
59867;11;09/09/2024 00:00:00;;;1;75,0;72,0;0000J0018
59869;11;11/09/2024 00:00:00;01568b12-f5a0-4ab1-8a5d-0ea560206610;;1;42,0;153,0;0000J0018
59870;22;10/09/2024 00:00:00;f4530946-b427-4dcd-861f-bbde068f9718;;1;85,0;77,0;0000J0018
59875;12;08/09/2024 00:00:00;89cb341a-01ae-4a47-b348-6112c6e82898;;1;45,0;22,0;0000J0018
59876;11;05/09/2024 00:00:00;515d54b3-b9aa-4948-a299-15888e336c92;;2;26,0;;1506J0007
59879;21;02/10/2024 04:19:00;FAF70FBC-69D3-4DA7-836B-3728924E84EE;;1;;;1840J0001
59880;31;28/09/2024 17:15:00;053284E3-6DB8-4B99-A9F1-F2552BE819DB;;1;189,0;;1840J0001
59896;11;28/09/2024 16:26:00;42B378CC-8FCA-42C8-8E78-D03795535EDE;;1;58,0;;1840J0006
59899;12;29/09/2024 15:05:00;68352843-3160-437B-8B74-CD27A496DBAB;;1;49,0;;5538J0002
59901;31;30/09/2024 11:47:00;5FD7D0D6-55D8-4163-AC0B-E8D0A9EB3131;;1;233,0;;5538J0002
59903;21;28/09/2024 00:00:00;c39c963f-a9d4-41fc-a6a5-b6c2205cbef0;;1;149,0;;5538J0001
59908;12;01/10/2024 12:48:00;5A7A37A0-F3CD-4A62-A251-BE2234CF21C7;;1;70,0;;5538J0015
59919;12;28/09/2024 07:51:00;AC93D18E-D0B0-4B86-ABC3-BAFD61FB36ED;;1;;;5544J0039
59922;31;30/09/2024 17:20:00;656E1C98-98A7-4B10-8F8D-EC75949C295C;;1;;;5544J0018
59924;22;01/10/2024 00:00:00;4976b972-1c74-4c38-bb8c-db600bf5bdcd;;1;;;5544J0017
59925;11;29/09/2024 19:03:00;5D9E0BD5-9624-418D-97FB-2D865E4FF1EF;;1;51,0;;5544J0016
59927;21;04/09/2024 00:00:00;b3ce847f-4bef-4005-97eb-f3b3d1eafcb9;;2;55,0;;3424J0251
59932;22;28/09/2024 17:53:00;;;1;151,0;;1841J0101
59945;21;01/10/2024 06:28:00;1900E3A0-457D-4A18-9471-B7518BAF225B;;1;;;1841J0019
59946;31;28/09/2024 14:59:00;5A8A558B-7CDD-401A-AA0A-08F3E5EFD683;;1;;;1841J0019
59948;32;30/09/2024 00:00:00;6047fa7c-3bc3-4171-b020-6cd83ecc4f22;100000122263;1;171,5;;1841J0020
59951;31;01/10/2024 00:00:00;1a8662b8-486f-40aa-827e-5d3c312d51f6;;1;243,0;;1841J0099
59959;22;29/09/2024 17:04:00;293A031D-1BB2-4F12-B77F-3D154A6BCA07;;1;178,0;;5524J0132
59960;32;26/09/2024 10:56:00;D79A431D-8B32-4A93-9325-D161C8F302BD;;1;208,0;;5524J0132
59962;21;06/09/2024 00:00:00;207083c9-81c0-4e4b-b57c-d267b917b758;;1;135,0;;ERR
59963;31;28/09/2024 00:00:00;e77b0ab3-2030-4844-adb4-b1dd4abcb3d4;;1;194,0;;5612J0054
59964;31;18/09/2024 00:00:00;;;1;173,0;;5612J0053
59966;12;29/09/2024 16:37:00;63F72352-A694-4623-AC74-C13D65B8AA7D;;1;72,0;;3422J0114
59973;11;26/09/2024 19:02:00;56993A64-CF28-405D-A527-456ED5665269;;1;70,0;;3422J0040
59974;12;26/09/2024 19:05:00;08FF72AB-2515-4BD3-88FE-4BA502CB5B37;;1;51,0;;3422J0040
59975;12;25/09/2024 00:00:00;96D26832-C76F-44D1-9573-6B09368DB869;;1;40,0;;3422J0040
59976;31;25/09/2024 00:00:00;92844670-5B49-4E50-9F1C-524B2B81819F;;1;130,0;;3422J0040
59977;22;27/09/2024 17:48:00;93E1E8DB-7A4B-499D-BEF2-22E12FB6680E;;1;104,0;;3422J0040
59981;12;29/09/2024 00:00:00;4684947d-64ca-4639-957f-dd6248320d6d;;1;63,0;;3422J0045
59983;21;26/09/2024 00:00:00;ce21719e-5dc8-4521-8d44-896858507819;;1;184,0;;3422J0045
59986;11;27/09/2024 10:46:00;46104807-FCAD-4B0F-89B3-C9D185DE2CFA;;1;68,0;;3422J0085
59987;11;28/09/2024 09:40:00;A130E8E9-CF81-40C1-8AA9-935EF814711B;;1;69,0;69,0;3422J0085
59990;21;26/09/2024 13:51:00;CD158559-4024-4F2A-9241-E79D10B4E920;;1;121,0;;3422J0085
59991;11;28/09/2024 11:27:00;76008F30-6143-478F-ACAB-AC2A62E82A37;;1;72,0;;3422J0085
59992;22;29/09/2024 15:24:00;5EDC805C-0A2C-4ABF-877D-774EE8CAE16D;;1;129,0;129,0;3422J0085
59996;32;26/09/2024 19:35:00;795D5ADE-7BFC-4B6C-B565-B8103F2C4C1F;;1;198,0;197,0;3424J0212
60006;31;30/09/2024 20:18:00;F84ED79B-A42F-4321-A328-9DBA1EE79C0E;;1;243,0;;3422J0048
60016;11;27/09/2024 19:36:00;;;1;77,0;;3422J0033
60025;11;25/09/2024 00:00:00;ad6074f3-00c7-42e2-b3a0-f89cf874fd65;;1;57,0;;3422J0036
60029;31;27/09/2024 00:00:00;873b1be1-4128-4af6-b018-981055442639;;1;154,0;;3422J0036
60032;11;28/09/2024 00:00:00;f26462ad-7c29-4bf7-a510-f64884a7c3b7;;1;;;3422J0091
60035;21;28/09/2024 00:00:00;fdf2de25-facc-4a73-ae8a-0d08a8870cbf;;1;;;3422J0091
60038;31;29/09/2024 00:00:00;ece5ddf7-3674-4f89-af05-7ad1e931c534;;1;;;3422J0091
60043;11;30/09/2024 19:00:00;B2CC9EF3-A9A7-42D1-950B-3F8815468C62;;1;65,0;;3422J0097
60045;22;30/09/2024 19:00:00;8EF3CA8C-6EFD-4531-A3B8-9BC2516FC783;;1;;;3422J0097
60061;31;27/09/2024 09:30:00;B1B5E869-6544-4CD6-9073-32653369F0FA;;1;140,0;140,0;3422J0041
60062;22;30/09/2024 17:14:00;93E4A806-79D6-4863-86B0-16662E16F8B7;;1;130,0;;3422J0041
60064;12;25/09/2024 19:25:00;926BBA87-E4D0-4E69-B1DB-5FABEC9AD77B;;1;56,0;;3422J0043
60065;11;25/09/2024 00:00:00;191A0205-4524-4BC1-A2BB-86E62BDB6F94;;1;53,0;53,0;3422J0043
60066;11;01/10/2024 06:51:00;798C0F1B-0141-4706-BFEA-1F15EE0742E1;;1;53,0;;3422J0043
60067;31;28/09/2024 10:39:00;C7A24428-86FD-4DD5-A49F-C6858A755F0F;;1;165,0;163,0;3422J0043
60068;31;26/09/2024 17:40:00;9B14F2E9-B713-4151-B95D-6FCDB4F144D0;;1;202,0;202,0;3422J0043
60069;11;29/09/2024 19:13:00;C1E001D4-E819-49B8-B804-90FFD8911352;;1;57,0;;3422J0043
60071;32;29/09/2024 10:39:00;6287AD82-4B6A-475F-A931-3999655B906C;;1;166,0;;3422J0043
60072;11;30/09/2024 10:33:00;6868612E-1E9F-4BBD-BF84-3D1F91A7A3DE;;1;59,0;;3422J0061
60077;31;28/09/2024 15:10:00;B45691C8-83E3-4E79-BBE3-CF7C30F5B32A;;1;205,0;;3422J0061
60083;31;28/09/2024 00:00:00;5b7e4bdd-1dcd-4cf2-bcf3-ab2b80cb57c6;;1;228,0;;3422J0062
60084;11;27/09/2024 08:19:00;BB2888D2-F180-423E-B241-A680E32F7757;;1;51,0;;3422J0084
60088;31;28/09/2024 08:25:00;D525EBE4-51D9-44CD-814E-FA92D36EED5C;;1;171,0;161,0;3422J0084
60089;22;25/09/2024 08:02:00;CAD55581-2720-4B74-AE41-A2DD976CFFBD;;1;106,0;;3422J0084
60090;32;27/09/2024 08:19:00;CEFA2C1A-CFCF-4312-A4F6-D4B8934C3AB3;;1;166,0;;3422J0084
60091;11;30/09/2024 00:00:00;5b913295-47e9-4028-93f4-2a1ac5b23580;;1;76,0;;3422J0098
60098;12;30/09/2024 00:00:00;a053ab17-99e1-4442-9b8d-4b46375309ab;;1;32,0;;3424J0220
60100;31;26/09/2024 00:00:00;53d672d7-5b25-444a-9e43-0911ce34a5de;;1;246,0;;3424J0220
60104;11;29/09/2024 00:00:00;2f24427a-2ee2-48b8-8486-74c72db76c55;;1;69,0;;3424J0243
60116;11;26/09/2024 00:00:00;1ce743e3-f5ff-41e6-8a00-b9cf0aa3c4a5;;1;46,0;;3424J0251
60125;22;27/09/2024 00:00:00;caeb5ef8-4233-4b59-adc2-7a308d221b55;;1;151,0;;3424J0245
60126;12;28/09/2024 00:00:00;d3d09b42-dedd-495d-9a2e-cfb194eecace;;1;44,4;;3424J0256
60133;32;28/09/2024 14:36:00;F2CB4DCB-FA68-4C14-9FBA-7134C9C2BA99;;1;226,0;;3424J0241
60139;31;06/09/2024 00:00:00;;;1;215,0;;5610J0020
60142;32;26/09/2024 00:00:00;52558885-0801-4956-953a-dce0612e2ca2;;1;157,0;;1845J0106
60143;11;02/10/2024 04:38:00;61F37966-00D4-43EC-8CEB-4BBBB1922424;;1;;;1845J0107
60145;32;26/09/2024 00:00:00;1f43a6a8-c191-4e86-a621-ba2126fcc274;;1;168,0;;1845J0107
60149;21;26/09/2024 14:15:00;01C9E2AA-42C9-4707-A04C-857C3EB1B78B;100000627998;1;107,0;;5007J0001
60151;12;25/09/2024 00:00:00;8603fb6e-05d1-4f20-a7a2-8126c1728994;;1;;;5006J0087
60160;12;28/09/2024 00:00:00;800f2dc5-daf8-4d86-9f5e-fcf4a9e4bdfa;;1;;;1845J0023
60161;11;29/09/2024 00:00:00;d622fc78-f7a1-4806-848a-7b787307668d;;1;;;1845J0023
60162;21;28/09/2024 00:00:00;ee000670-f958-4a84-a59c-60926c730ba4;;1;;;1845J0023
60163;32;29/09/2024 00:00:00;529a5079-2992-4274-8166-67d226e88719;;1;;;1845J0023
60166;31;30/09/2024 00:00:00;74202151-62b5-4608-bc77-67324e8d0b40;;1;;;1845J0083
60168;21;25/09/2024 17:26:00;1E8EA79B-C401-41DC-B109-1BA770073611;;1;139,0;;1845J0088
60169;12;01/10/2024 14:40:00;9F3442ED-6D84-4AAF-94E6-8F0502F92910;;1;60,0;;1840J0108
60172;12;26/09/2024 17:56:00;CE2A5BBC-1C2F-4A45-B4B8-F30DC4C3CE47;;1;53,0;;1840J0003
60174;31;25/09/2024 18:02:00;67E50FC9-4147-45CC-8B96-65E921CF84B5;;1;195,0;;1840J0003
60178;21;04/09/2024 00:00:00;;;1;128,0;;5612J0038
60195;32;13/09/2024 00:00:00;345efeb7-3572-4785-8cf1-7a945607dc16;;1;104,0;45555,0;0000J0018
60210;11;28/09/2024 11:27:00;914DBBB6-6D4D-4417-B2C7-F14FA5D748F2;100000611220;1;47,0;;3421J0016
60213;11;30/09/2024 00:00:00;aa53247d-3046-4b2a-9f9b-77168e8f9fa4;;1;83,0;;3421J0017
60214;12;01/10/2024 00:00:00;071c4def-d9cc-46a6-be8e-5448b25cf736;;1;64,0;;3421J0017
60215;32;28/09/2024 00:00:00;dd262e8d-80b7-445e-bfb3-735277f48519;;1;204,0;;3421J0017
60221;22;29/09/2024 00:00:00;b1502dd4-93da-42b2-ba22-b9f40b554d98;;1;124,0;;3421J0019
60224;21;26/09/2024 00:00:00;7EE87FC6-0103-4C01-89D5-014FFAC91B76;100000611247;1;95,0;;3421J0020
60225;11;26/09/2024 14:13:00;;;1;64,0;;3421J0021
60226;12;27/09/2024 13:35:00;;;1;75,0;;3421J0021
60228;11;01/10/2024 00:00:00;49a91ead-bae3-4db1-8246-d233df202f66;;1;75,0;;3421J0025
60230;21;01/10/2024 00:00:00;e57d8498-f9f1-483d-8eb2-27bb2d7d2fb9;;1;155,0;;3421J0025
60234;11;30/09/2024 15:39:00;45CB86DC-2CCE-47BE-9570-E25131F3FF3F;;1;70,0;;3421J0027
60236;22;02/10/2024 09:15:00;A748FC3B-DC26-4B73-9578-4A0BC8D30281;;1;;;3421J0027
60238;11;28/09/2024 00:00:00;df560b94-7337-4e76-ac31-e48085632ac1;;1;54,0;;3421J0141
60254;21;29/09/2024 00:00:00;12664de5-15e6-405b-a350-ef785b73d51c;;1;134,0;;3421J0053
60255;12;29/09/2024 00:00:00;;;1;65,0;66,0;3421J0052
60258;12;25/09/2024 11:39:00;;;1;55,0;;3421J0057
60259;11;27/09/2024 16:19:00;;;1;51,0;;3421J0057
60260;12;01/10/2024 15:55:00;;;1;62,0;;3421J0057
60261;12;01/10/2024 16:03:00;;;1;53,0;;3421J0057
60262;21;28/09/2024 16:51:00;;;1;116,0;;3421J0057
60263;12;28/09/2024 00:00:00;9be1c134-d115-40b3-9db0-acf65a78a8c0;;1;55,0;;3421J0055
60264;12;29/09/2024 15:35:00;;;1;32,0;;3421J0055
60266;12;30/09/2024 17:00:00;AA4287D4-2E9E-4619-BB92-98E692F06C6E;;1;61,0;;3421J0054
60267;11;30/09/2024 17:00:00;BF582A18-3936-451B-8383-8620065EE5E7;;1;65,0;;3421J0054
60280;11;27/09/2024 00:00:00;825d7ade-5d23-46b0-b43e-cabc3bf0e2c2;100000611237;1;64,0;;3421J0023
60283;12;25/09/2024 14:11:00;;;1;62,0;;3421J0009
60313;32;01/10/2024 00:00:00;cef483af-0cca-4003-8fcf-203f74d8b92f;;1;154,0;;1826J0013
60322;32;28/09/2024 00:00:00;4e57a5e9-249b-44f4-8da2-8c5dfb123efc;100000566922;1;171,0;;1824J0034
60323;11;27/09/2024 20:46:00;;;1;49,0;;1826J0015
60325;32;01/10/2024 06:51:00;;;1;;;1826J0015
60334;31;27/09/2024 00:00:00;fbea164a-a453-4d3d-83fd-106864912603;;1;175,0;;1875J0022
60335;12;29/09/2024 07:50:00;8590DCBC-E17F-4450-B619-2E18DC65D4FE;;1;;;1875J0021
60337;32;29/09/2024 07:47:00;425085D7-9C45-48D2-85D6-B208D051885C;;1;;;1875J0021
60339;22;26/09/2024 19:57:00;A2CC5222-D94F-4EE9-8783-8C5100CF43FA;;1;139,0;;1838J0003
60340;31;26/09/2024 19:58:00;18D8F9AB-AADC-45A2-AA5E-741E0AFE67C9;;1;194,0;;1838J0003
60342;21;27/09/2024 00:00:00;ae1af480-a5c6-4b3c-96a9-81e1b7fc0776;;1;143,0;;1838J0004
60343;31;30/09/2024 00:00:00;6a9d5d2a-7075-498a-b224-cf451930140c;;1;152,0;;1838J0004
60351;31;25/09/2024 00:00:00;52f9c0d4-94bd-4c68-81d6-995291b1c081;;1;185,0;;1804J0170
60364;31;28/09/2024 00:00:00;acfc9e52-aa01-468e-88da-5abdff817480;;1;250,0;;1832J0056
60369;21;25/09/2024 16:25:00;39D1B29F-BF7C-4740-A6A7-D4B20E9C3348;;1;134,0;;1832J0070
60370;31;26/09/2024 00:00:00;c5c379f2-44db-444c-ac2a-646ca7bed428;;1;243,0;;1832J0070
60371;12;30/09/2024 00:00:00;8b2afcbf-8723-408e-a093-64378d97b3c1;;1;;;1832J0058
60374;11;26/09/2024 11:20:00;67D96018-9F52-4214-ADF4-A50417E55901;;1;60,0;;1832J0054
60375;21;01/10/2024 13:37:00;7FF95103-273D-46D3-A6A0-1B50C851BE72;;1;;;1832J0054
60376;31;26/09/2024 11:21:00;A9554E65-C101-45B3-8621-0EE91F1C8D3C;;1;280,0;;1832J0054
60401;21;27/09/2024 00:00:00;0da26b45-87d3-4e3f-b09a-7d473e833bfe;;1;106,0;106,0;1833J0031
60402;22;01/10/2024 06:43:00;23cebf49-10d9-466a-9511-ffbd61c6ae2d;;1;127,5;124,0;1833J0031
60413;32;27/09/2024 00:00:00;d1f9c168-149a-451b-a800-a6ba2e10e952;;1;175,0;;1833J0033
60424;22;30/09/2024 00:00:00;CAE9CCA4-9E95-4CE9-8519-DC4C9FEE5373;;1;108,0;;5610J0023
60442;31;29/09/2024 00:00:00;9beb486d-4ca8-4d6a-96f6-59caeb0e612e;;1;265,0;;1824J0077
60443;22;06/09/2024 00:00:00;ee796cab-3428-4e1d-adad-3440ea3b6afc;;1;170,0;;ERR
60444;12;25/09/2024 13:43:00;ED0D9F42-54CF-4711-BC99-137B6A3BCCFB;;1;54,0;;1825J0021
60445;11;30/09/2024 14:48:00;994F83D8-B1FC-4B66-BC6E-01272A89D802;;1;55,0;;1825J0021
60451;21;27/09/2024 00:00:00;729caf29-557b-40c4-a355-1cd51ed26c5e;;1;;;1826J0011
60452;22;28/09/2024 00:00:00;f790db2a-5bf0-42a7-b394-a25b5b1fff00;;1;;;1826J0011
60455;31;30/09/2024 00:00:00;a35716ca-c1dc-472e-889c-9f3020ffc518;;1;;;1826J0016
60466;21;28/09/2024 00:00:00;c3b2d63b-b82e-44ee-8535-c0a1e993b576;;1;150,0;;1826J0020
60467;32;28/09/2024 00:00:00;e54786cd-ff95-487c-8626-1078f9984b06;;1;175,0;;1826J0020
60471;11;27/09/2024 19:04:00;DC002E4B-F505-4611-B5D2-F132F894E613;100000650221;1;62,0;;1826J0021
60472;11;29/09/2024 09:49:00;8CB8F34E-1496-4F0D-98D3-7C7D8375C4D2;100000650224;1;64,0;;1826J0021
60473;21;26/09/2024 16:52:00;92E7D0F0-BDFA-4E50-98F2-F955FAD8B1E9;100000650222;1;140,0;;1826J0021
60474;32;29/09/2024 09:43:00;34929392-4E3D-4242-84F8-C26C30962322;100000650223;1;177,0;195,0;1826J0021
60475;11;28/09/2024 00:00:00;63b6a013-b8f7-4b6f-b461-47aa921e5953;;1;62,0;;1826J0025
60484;22;28/09/2024 00:00:00;fd1af86e-5044-4c4f-8812-c31a72c37c6f;;1;;;1826J0026
60485;31;28/09/2024 00:00:00;6355e7af-3887-4981-9ed1-258a4990ad79;;1;;;1826J0026
60488;31;29/09/2024 06:35:00;6EB5B207-AE31-409E-921D-9DCFB12F2C97;;1;234,0;;1826J0295
60492;12;29/09/2024 07:45:00;BE840F8B-9096-4FA3-86EA-4D8D3367ECA3;;1;48,0;;1826J0007
60512;32;06/09/2024 00:00:00;3ba26f04-8fc6-4ba6-95d3-9c92cabef738;;1;;512,0;0000J0018
60513;31;26/09/2024 19:50:00;ACCA2603-204A-4266-BE2A-80C15A78F402;;1;270,0;;1825J0021
60516;22;06/09/2024 11:32:00;33EAB660-D7F9-4222-BEB5-A95C4882CE5F;;1;100,0;516,0;0000J0018
60517;12;25/09/2024 00:00:00;ff333403-1d80-4d06-a936-8065ef30ae33;100000650392;1;56,0;;1825J0022
60528;32;28/09/2024 00:00:00;6d429eee-fa82-468a-9001-533fa7b7d089;100000650391;1;170,0;;1825J0022
60533;12;17/09/2024 00:00:00;18297344-f099-4e50-adfc-996892989f69;100000400653;2;28,0;;3909J0044
60544;11;26/09/2024 00:00:00;78d5d971-e695-41e4-8a81-7bc1362407c9;;1;75,0;;3412J0020
60545;11;29/09/2024 00:00:00;e1a30422-608c-41c6-b3df-35f6749b6f5e;;1;67,0;;3412J0020
60546;11;29/09/2024 00:00:00;309e0eea-c77d-482e-bdc6-770a582cf0af;;1;52,0;;3412J0020
60547;22;26/09/2024 00:00:00;3696405a-75d9-4423-a908-9f592ed43bb9;;1;129,0;;3412J0020
60553;32;27/09/2024 05:54:00;8D57E1DC-4C34-4A94-A8EE-BB6BB4C47B0D;;1;163,0;;3412J0022
60559;12;27/09/2024 00:00:00;80670d7f-1bf8-4a31-bdab-01e3e41fa6c8;;1;49,0;;3412J0021
60575;12;01/10/2024 16:41:00;4195566A-67AA-4EE4-A0D3-8EA6C34CFC47;;1;;;5610J0044
60593;12;28/09/2024 00:00:00;6088d651-c5b4-4897-bf59-71926dd0ae88;;1;52,0;;1826J0310
60599;11;01/10/2024 00:00:00;44d5f079-8b31-4f23-93d3-476091474e3a;;1;63,0;;1826J0311
60600;22;01/10/2024 00:00:00;1ee0cc83-5057-4e6f-82af-829b4127c6f8;;1;130,0;;1826J0311
60601;12;26/09/2024 19:05:00;;100000121768;1;60,0;;1826J0002
60602;12;26/09/2024 19:11:00;;100000121769;1;50,0;;1826J0002
60603;21;25/09/2024 18:27:00;;100000153194;1;140,0;;1826J0002
60604;21;27/09/2024 17:51:00;;100000365232;1;156,0;;1826J0002
60606;32;27/09/2024 18:15:00;;100000179497;1;197,0;;1826J0002
60607;31;26/09/2024 19:36:00;;100000121770;1;257,0;;1826J0002
60608;11;30/09/2024 00:00:00;f475c36c-33cf-455e-9ed8-d711a3f7a254;;1;;;1826J0005
60609;21;27/09/2024 00:00:00;79a97d97-16b7-4882-8a24-ed2a1b51be13;;1;;;1826J0005
60611;11;26/09/2024 00:00:00;f3169f28-4080-40b0-962e-66994fa93c81;;1;60,0;;1826J0005
60612;21;25/09/2024 00:00:00;49a519ef-7f8a-4587-a7ca-6d95acdce472;;1;121,0;;1826J0005
60613;22;25/09/2024 00:00:00;fc98f3ea-55a3-47c5-8397-896aff309577;;1;111,0;;1826J0005
60617;11;29/09/2024 00:00:00;9d8542b1-194c-4bf4-a1de-c38652d3699b;;1;61,0;;1826J0312
60623;11;27/09/2024 00:00:00;f6282fe5-6784-4751-b231-cfa5033ff886;;1;50,0;;1826J0313
60624;22;25/09/2024 00:00:00;34e2cf61-3311-42ed-b435-455764c62bb4;;1;138,0;135,0;1826J0313
60649;32;16/09/2024 00:00:00;;;1;160,0;;5610J0011
60662;32;20/09/2024 00:00:00;94d2728a-865c-4cdb-9745-02d41025f1a8;;1;171,0;;5610J0012
60672;12;26/09/2024 00:00:00;adedb481-92aa-4b6b-9696-19b15da6deb1;100000566941;1;58,0;;1824J0150
60673;21;29/09/2024 00:00:00;402e267e-aa38-4ff3-91d2-79ace146879e;;1;117,0;117,0;1824J0150
60678;12;27/09/2024 18:01:00;A688356F-C04C-4CF6-99B0-BA05E7049846;;1;54,0;;1824J0152
60679;31;01/10/2024 20:23:00;88963456-39F7-4E6A-BDB4-77C5D14FB39C;;1;132,0;;1824J0152
60687;11;26/09/2024 00:00:00;aabe6a9b-90a8-4c1b-9e85-01f375397c83;;1;66,0;;1824J0155
60688;12;26/09/2024 00:00:00;65be58bd-73d4-4862-ab86-9f5f3d647521;;1;64,0;;1824J0155
60689;32;26/09/2024 00:00:00;d89d7332-1adb-4df6-9581-f238bc78863c;;1;165,0;;1824J0155
60708;21;08/09/2024 00:00:00;af812d86-e0ea-41fa-b4dd-1c19e8014d0f;;1;78,0;82,0;0000J0018
60709;21;09/09/2024 00:00:00;3fc19c63-2425-42f6-91fe-5344b232c12d;;1;95,0;123,0;0000J0018
60710;11;28/09/2024 11:52:00;11417056-0D68-4748-AE90-C00ABF1E4666;;1;54,0;;1832J0049
60712;32;29/09/2024 14:07:00;606BA2CC-3399-479A-ABEF-3CBD48903CEB;;1;131,0;;1832J0049
60720;11;25/09/2024 00:00:00;3adcaf59-4323-4853-a6b3-977651eeee63;;1;65,0;;1832J0043
60730;11;27/09/2024 17:08:00;53264EB0-630C-4E49-9C3E-EBF91CF53A2E;;1;48,0;48,0;1832J0083
60731;31;26/09/2024 17:53:00;F55FE4BD-61CE-43C5-B84E-32FBAB19AD3A;;1;264,0;;1832J0083
60732;12;25/09/2024 19:54:00;CE7AC07F-3928-4F5F-80D6-0A96781D7BD4;;1;60,0;;1833J0040
60733;31;27/09/2024 10:33:00;D9DA29D2-13A0-4352-8E08-5FE58E5354E4;;1;177,0;;1833J0040
60736;12;26/09/2024 00:00:00;7f22a98b-70b8-4204-9c50-f18c07f4f193;;1;52,0;;1833J0036
60737;22;28/09/2024 00:00:00;e32f7734-9cf9-4266-ae4b-419d64fa8194;;1;113,9;;1833J0036
60741;31;01/10/2024 13:22:00;AAA7D6E7-D569-4825-834C-653A1B083926;;1;;;1833J0038
60745;11;27/09/2024 17:40:00;C111D969-3EFF-42BE-A5FA-EFE00AC4FF7F;;1;72,0;;1833J0041
60746;22;25/09/2024 14:53:00;D00CC504-B9A6-4FD6-9B5E-D4CA5DFFEF94;;1;101,0;;1833J0041
60747;32;30/09/2024 17:01:00;0868C683-52DD-41AC-966C-AF9B8848CE2D;;1;165,0;;1833J0041
60758;12;27/09/2024 00:00:00;ece65c2d-6881-40f2-a540-b583a0178056;;1;52,0;;1833J0042
60760;31;27/09/2024 00:00:00;71582c00-2242-4593-a47e-52d929df3ff1;;1;222,0;;1833J0042
60767;12;26/09/2024 00:00:00;7647eb12-59b1-44da-9487-3e48d42433eb;;1;;;1833J0334
60768;22;27/09/2024 00:00:00;2ded8dff-fefb-4f3e-a704-ebe90c7462eb;;1;;;1833J0334
60774;21;27/09/2024 18:30:00;AA502FA7-27A9-4DC1-BB20-37A85AB57A06;;1;140,0;;1833J0336
60792;12;30/09/2024 00:00:00;dfea013f-a941-43f2-97b9-7b46000bd5e1;100000496616;1;69,0;;1833J0339
60793;21;30/09/2024 00:00:00;1544d18f-7e68-4cea-afa1-e2c85ee8b7a6;100000525750;1;126,0;;1833J0339
60794;32;30/09/2024 00:00:00;887d7938-23b4-4711-897c-e1294ccaad01;100000525749;1;170,0;;1833J0339
60799;12;01/10/2024 05:10:00;8dbe17d0-fc86-4c52-adc1-6842330874ee;;1;98,0;;1833J0352
60800;22;26/09/2024 00:00:00;1121e447-be31-4c38-af05-e8507e95f219;;1;125,0;;1833J0352
60802;31;14/09/2024 00:00:00;6a68ac7d-94f9-422b-9abc-72e28bcacb1c;;1;223,0;;5612J0004
60815;12;29/09/2024 20:41:00;1B5A8FF4-4EC5-483D-9F31-10AB417DED98;100000525695;1;53,0;;1825J0024
60817;31;01/10/2024 20:54:00;6A4B7272-745D-47B1-AF9E-2775D5121AB9;;1;;;1825J0024
60819;32;30/09/2024 00:00:00;d999597e-5278-4373-8cca-8edd6ce1ccdc;100000499648;1;162,0;;1825J0027
60820;31;29/09/2024 00:00:00;0e994498-cf4e-478e-b684-7490e8f705b6;100000525594;1;212,0;;1825J0027
60830;11;29/09/2024 19:25:00;;;1;64,0;;1825J0029
60845;32;10/09/2024 13:51:00;8B992035-FADE-4E13-B233-A2BAE1995284;;1;160,0;160,0;ERR
60846;21;29/09/2024 00:00:00;d3bc96af-8145-4827-a362-a2894c24a4c0;;1;136,0;;1825J0031
60847;32;10/09/2024 00:00:00;5223DCCC-986A-40D8-9168-6FB11110D2EC;;1;150,0;150,0;ERR
60848;31;11/09/2024 00:00:00;F2664D0F-8EF3-4C49-A6D8-F232FA307762;;1;333,0;334,0;ERR
60849;31;23/09/2024 00:00:00;2779C93C-00DE-439D-BB20-ADB45103C8BC;;1;10,0;188,0;ERR
60861;21;26/09/2024 00:00:00;8a087197-a204-4871-887f-abf98e4b16cd;;1;137,0;;1832J0081
60875;12;27/09/2024 11:01:00;1F0395D1-3EE3-45F8-AC3F-99D248E98082;100000568448;1;75,0;;3436J0047
60877;31;26/09/2024 20:11:00;A7F04D4B-0E48-49DD-8E82-74713C356B6B;100000568447;1;230,0;;3436J0047
60878;32;30/09/2024 07:45:00;F2D53945-8DE5-4A80-9A3F-9ACDCFBEB46C;100000568449;1;144,0;;3436J0047
60889;31;25/09/2024 14:37:00;06D4B376-E3E9-416D-B856-139D0765D2B2;;1;280,0;;1825J0036
60892;21;25/09/2024 00:00:00;26df3307-8933-4f60-9ddb-65c8cb9df812;100000565722;1;102,0;;1825J0033
60893;12;26/09/2024 00:00:00;2f1e10eb-3744-4369-a01c-4bf54938259c;100000565723;1;52,0;;1825J0033
60898;32;26/09/2024 13:48:00;05FD9B10-4D69-4F3A-97F0-C3D0E2046C27;;1;183,0;;1839J0011
60907;31;28/09/2024 00:00:00;874cdbe2-a3bf-4926-aa50-0f90fc4045fc;;1;;;1839J0012
60909;11;25/09/2024 00:00:00;f7456ae7-55cc-437a-b652-c9f3cb35c556;;1;57,0;;1839J0150
60910;12;27/09/2024 00:00:00;bfbb2126-353b-4c4c-8007-f238994d64a5;;1;56,0;;1839J0150
60911;12;27/09/2024 00:00:00;96d70546-473c-4d30-b077-aed2edd9de96;;1;59,0;;1839J0150
60912;31;26/09/2024 00:00:00;0dfa147c-05cf-458c-990d-efe3361ea7f5;;1;262,0;;1839J0150
60923;11;26/09/2024 00:00:00;42dd8f7b-5aca-4559-8377-8b7315b16c5b;100000525658;1;70,0;;1825J0037
60925;31;01/10/2024 00:00:00;cbe482b3-8af4-45e8-8393-2bb472e4c885;;1;;;1825J0037
60930;22;29/09/2024 14:44:00;BDEE7121-F776-4629-8E11-662322B673F9;;1;129,0;;1825J0090
60944;32;27/09/2024 00:00:00;fffdefd2-dccc-4b52-9fbc-c9ec8e65195c;;1;177,0;;1832J0082
60945;12;10/09/2024 00:00:00;b8fdff8d-8f40-4c8e-9b46-21f665e10a27;;1;88,0;;ERR
60946;11;10/09/2024 00:00:00;;;1;67,0;;ERR
60947;12;25/09/2024 00:00:00;c6e183ef-8b7d-4e3c-8b34-c207c1920a71;;1;63,0;;3421J0108
60948;11;29/09/2024 00:00:00;3a2e4a7d-47c9-48a2-a4d3-a79ed7c90de1;;1;61,0;;3421J0108
60950;12;29/09/2024 11:09:00;;;1;65,0;;3421J0106
60952;11;28/09/2024 00:00:00;12ce554b-3c5b-4005-a84c-a818f6d505b0;;1;65,0;;3421J0105
60963;31;27/09/2024 17:00:00;;;1;186,0;186,0;3421J0114
60967;11;28/09/2024 00:00:00;553af3ce-3385-4f72-9b47-52f63f2f2799;;1;79,0;;3421J0128
60970;12;25/09/2024 00:00:00;4666647e-66b0-4037-b722-fb21c2a8071c;;1;56,0;;3421J0119
60973;12;29/09/2024 00:00:00;52a052f0-fbf4-4118-9194-9bdf41a8f14a;;1;74,9;;3421J0117
60976;12;30/09/2024 00:00:00;4b144a73-ef43-48f2-9ab8-f9528af5bcb1;;1;43,0;;3421J0120
60984;11;28/09/2024 16:59:00;;;1;60,0;;3421J0109
60994;12;29/09/2024 00:00:00;0c08ca21-9b22-4939-b4cb-821ccbf4ff5c;;1;58,0;;3421J0116
60995;11;01/10/2024 00:00:00;c23df855-787d-4ea7-95f6-10a47b928bd1;;1;73,0;;3421J0116
60999;11;27/09/2024 00:00:00;55654a28-7ad0-4f38-9695-d4fcaf66db76;;1;75,0;;3421J0123
61004;12;25/09/2024 00:00:00;a5c6dffa-6a67-4abd-8d37-e39dd14f7eea;;1;62,0;;3421J0125
61007;21;29/09/2024 00:00:00;2e855bd6-d2e4-46e3-9957-7d42cd935586;;1;140,0;;3421J0129
61010;12;29/09/2024 19:23:00;;;1;40,0;;3421J0131
61011;21;01/10/2024 18:21:00;;;1;153,0;;3421J0131
61018;21;27/09/2024 00:00:00;2338fd69-814c-482d-a384-e43d30c8ca68;;1;107,0;;3421J0134
61020;11;26/09/2024 13:42:00;;;1;;;3421J0111
61021;21;01/10/2024 17:53:00;;;1;;;3421J0111
61023;11;25/09/2024 00:00:00;562822db-f5c2-42e1-8c6d-48bb692896f7;;1;77,0;;3421J0122
61032;21;27/09/2024 00:00:00;b4140115-7856-4907-abc9-70c20287b68d;;1;142,0;;1826J0013
61033;22;11/09/2024 00:00:00;0e8cfae2-7967-47aa-8f54-f0c9dc7fb7d6;;1;133,0;;ERR
61036;31;28/09/2024 21:53:00;;;1;231,0;;1806J0027
61043;31;11/09/2024 11:40:00;EE119373-42F5-497C-B8C3-FE7E9227DAA9;;1;5,0;55,0;0000J0018
61044;12;11/09/2024 00:00:00;AE3BE7D5-4C48-4233-9358-024C91A41DFD;;1;25,0;11,0;0000J0018
61046;31;23/09/2024 00:00:00;D7CE64F7-8872-4883-BC69-4B9114F7A4A4;;1;150,0;;5610J0018
61047;12;25/09/2024 13:07:00;0C870218-E382-49BB-B9D8-C1246F7CC5AD;;1;65,0;65,0;3417J0008
61048;12;26/09/2024 15:38:00;6F51AA6D-D75D-43D9-BAA4-CCEC0D51834D;;1;72,0;;3417J0008
61077;12;25/09/2024 00:00:00;b8dae5be-c0b0-4bf2-baef-ce689992f6d8;;1;70,0;70,0;3418J0013
61078;12;27/09/2024 00:00:00;6013a475-c65d-473a-bf40-98df2448bf85;;1;56,0;;3418J0013
61087;12;14/09/2024 00:00:00;dbf1aabe-984c-4011-99df-2cd460d4d379;;1;56,0;;5610J0007
61093;11;27/09/2024 10:58:00;DD8664A8-7783-428F-8D76-91B1725B25DF;;1;55,0;;3423J0145
61095;21;28/09/2024 19:44:00;68D401EB-1F29-4AD7-BE7A-18398ED0B5DA;;1;144,0;;3423J0145
61115;12;30/09/2024 22:02:00;2B24EA8A-1F5D-4793-ABCD-C839A83B6BAC;;1;;;3423J0143
61127;32;30/09/2024 21:57:00;F6A57572-69E0-4003-A19A-2C76EE9D0F0D;;1;136,0;;3423J0143
61150;11;25/09/2024 00:00:00;b4bdd242-aff5-450f-8107-16ca8cba9e2d;;1;58,0;;3423J0142
61154;22;26/09/2024 00:00:00;2e8ea5bb-9670-46de-b3d7-f9ba13f3a3bb;;1;130,0;;3423J0142
61157;31;28/09/2024 00:00:00;ad64972c-186a-4045-a735-d1de904f4e9f;;1;275,0;;3423J0142
61161;11;30/09/2024 00:00:00;e23f3048-6954-4e50-a82b-ef9ab6a41b09;;1;131,0;16,0;0000J0018
61166;12;26/09/2024 09:13:00;A70B4275-4926-463E-A8B5-50406071D123;;1;43,0;;3203J0038
61167;12;26/09/2024 12:22:00;3590741D-2635-4DD4-AB58-BF524B0D896F;;1;34,0;34,0;3203J0038
61168;12;30/09/2024 08:58:00;6FB5E266-78A9-4C70-8F87-C6CF0A379E73;;1;49,0;;3203J0038
61178;12;25/09/2024 14:01:00;8E944F39-8CCB-4B4E-AE84-7D5F842ADE61;;1;47,0;;4211J0078
61182;11;25/09/2024 00:00:00;596a382f-87d2-4ee8-894a-e47266b853d6;;1;36,0;36,0;4211J0075
61187;12;28/09/2024 00:00:00;616a87a1-fc36-45f4-ad47-a3b0a22c1b0d;;1;52,0;;4211J0007
61192;32;28/09/2024 00:00:00;f9aec7b6-0970-40e5-8073-975f8a718374;;1;151,0;;4211J0093
61193;12;29/09/2024 13:06:00;AC477D3D-B1D1-4492-95B3-124D23D1DDFC;;1;38,0;;4211J0065
61213;11;22/09/2024 00:00:00;a84efe81-a8b0-441c-96b1-49d3c604e249;;1;76,1;74,0;5610J0009
61216;31;29/09/2024 00:00:00;4ba9fe85-7ee6-4f1a-8cfe-11eec077d289;;1;265,0;;5610J0057
61217;32;16/09/2024 11:52:00;1306DC53-E866-4B43-92A0-34CD55C7386C;;1;150,0;12345,0;0000J0018
61218;22;16/09/2024 09:17:00;C346958B-9BFD-4E11-8143-64AF50B188BE;;2;250,0;218,0;0000J0018
61224;21;25/09/2024 00:00:00;dffd2ce1-8f9b-4b13-8e71-c9902e1a635b;;1;120,0;;3312J0030
61227;11;25/09/2024 18:39:00;242D478D-EDAC-4552-BFCA-54B5C0B928EF;;1;53,0;;3312J0032
61228;11;26/09/2024 09:13:00;DE28AE42-8F8D-4472-B4A5-D2AA044FD69C;;1;42,0;;3312J0032
61249;11;18/09/2024 15:33:00;;;1;55,0;;ERR
61250;12;17/09/2024 00:00:00;db1a8e3a-7bd1-430c-b22c-e7f8bc168f3e;;1;44,0;;ERR
61251;31;28/09/2024 00:00:00;07cc6b15-b1ad-49e9-be83-4a3271c73bbf;;1;256,0;;3417J0010
61304;11;26/09/2024 00:00:00;720c8fbe-30a8-4830-8e2a-8cf9f029ccdd;100000444390;1;46,0;;5035J0048
61311;32;17/09/2024 00:00:00;1d2a0f84-395d-409f-b4bc-4f66af78d8d6;100000400654;2;66,0;;3909J0044
61315;12;25/09/2024 00:00:00;f0704d7e-f584-453e-b5dd-90e7dba468ae;;2;32,0;;3424J0212
61316;12;25/09/2024 18:46:00;6DDAD722-D8C0-42F8-92E0-E844D170BD35;;2;18,0;;3909J0051
61327;22;30/09/2024 00:00:00;3839ceb0-0b43-4fdc-935a-0a44f01f0d07;;1;;;1848J0052
61337;11;18/09/2024 00:00:00;25ace24a-8178-4a7a-bd23-029723c67921;100000342326;2;30,0;;3909J0040
61340;21;30/09/2024 00:00:00;17283744-ed50-466b-80b2-0d28a464e95f;100000342327;2;47,0;;3909J0040
61341;21;01/10/2024 12:16:00;11A1F9DA-78A1-4991-A0B2-6D0C0E5F3691;100000525629;1;;;1825J0003
61343;11;18/09/2024 15:25:00;;;1;;;0000J0018
61353;22;19/09/2024 07:55:00;;;1;122,0;;ERR
61357;22;23/09/2024 00:00:00;a089c480-da10-4bda-805f-6e296bd7d9ab;;1;;;ERR
61359;22;20/09/2024 11:20:00;9F434E37-1B6C-48D6-BB59-A96B46873756;;1;180,0;99,0;0000J0018
61364;21;28/09/2024 00:00:00;23c8bfa8-752e-4cb6-bf23-539c445c4f35;;1;;;5503J0014
61365;12;25/09/2024 00:00:00;bfa49c06-8d52-400d-9901-6f42ba595739;;1;67,5;;1848J0010
61366;11;27/09/2024 00:00:00;8a478228-d59c-4f1b-9013-cde86ecbc432;;1;58,0;;1848J0010
61371;12;20/09/2024 12:29:00;3B483E08-0B7B-4BC1-8F61-2C05D3E7C7AA;;1;53,0;20,0;0000J0018
61372;32;22/09/2024 20:29:00;E70BB491-2902-43F0-96E9-C31A75B3292F;;2;36,0;;0000J0018
61380;11;30/09/2024 00:00:00;73e76474-374d-46d5-a9e3-46a4e1ea3b4c;;1;;;1826J0019
61381;21;26/09/2024 00:00:00;13329150-2047-4555-ad93-a351e47bbf4c;;1;;;1826J0019
61386;21;27/09/2024 00:00:00;26eb780f-df68-487c-9bff-9e3b98e9bea9;;1;145,0;;5612J0004
61402;22;01/10/2024 00:00:00;6508430D-243B-4A44-B779-966EF7F07B12;;1;;;1826J0308
61403;22;30/09/2024 19:02:00;C926AB88-364F-4F79-BF59-37EFF8558CC0;;1;;;1826J0308
61416;32;27/09/2024 00:00:00;828884d1-3faf-4f89-a9a8-87564d0a17a7;;2;53,0;;4211J0075
61423;31;24/09/2024 06:31:00;1E737F4C-C237-428F-8BEE-5A93991658D2;;1;102,0;102,0;ERR
61424;32;24/09/2024 00:00:00;dda48c51-7cd0-4572-af84-df01c3b27397;;1;39,0;39,0;ERR
61425;32;24/09/2024 00:00:00;068a6f45-01f6-4aae-baa0-d8c5a2ce1e3b;;1;80,0;87,0;ERR
61426;32;24/09/2024 00:00:00;8eeecdc3-e632-4dc7-8f45-9ca8dc2c514b;;1;375,0;168,0;ERR
61431;31;24/09/2024 00:00:00;70c96668-4fe9-4590-bd53-17c1e71714e7;;1;200,0;200,0;ERR
61433;31;24/09/2024 00:00:00;203ddba4-ee00-4756-9534-fcb53c68c92d;;1;228,0;220,0;ERR
61434;31;24/09/2024 00:00:00;c7e9cd9b-dd03-4139-8292-a668da7f8925;;1;250,0;350,0;ERR
61435;31;24/09/2024 00:00:00;702100e2-1c4a-4a17-850e-c580e53fb3e1;;1;120,0;120,0;ERR
61436;32;26/09/2024 20:00:00;D251E20F-C38B-415E-A6E9-8CE2695CE0DD;;1;150,0;;ERR
61437;12;26/09/2024 20:00:00;D56FC8A3-0599-44E0-8DC6-3FD98268AFD3;;1;150,0;;ERR
61438;31;27/09/2024 07:09:00;AB9C5581-2E32-4979-B7F0-DA42A715BF4C;;1;500,0;;ERR
61439;32;27/09/2024 07:10:00;6E9BDA01-7157-4A61-A49D-0445ED34289F;;1;200,0;;ERR
61440;31;27/09/2024 00:00:00;A47284E0-F74B-40E2-80A6-B3AAD69B1259;;1;;;0000J0019
61441;22;25/09/2024 00:00:00;500207FF-2AF0-4A9C-A214-16A55B52C912;;1;150,0;150,0;ERR
61442;21;24/09/2024 00:00:00;;;1;100,0;;0000J0018
61452;12;27/09/2024 07:13:00;1573DCCC-1FE3-49E5-B393-F8B63B1F607A;;1;44,0;;ERR
61453;32;30/09/2024 00:00:00;3AC3BDF5-F976-4B45-8F4B-4C961A13D10A;;1;142,0;;0000J0019
61454;12;01/10/2024 14:08:00;65126329-7380-4608-B055-62C96781D6BE;;1;;;0000J0019
61455;11;25/09/2024 08:48:00;;;1;;;ERR
61463;31;27/09/2024 14:58:00;D7084EF6-2656-4EA5-8C9F-193824F2D650;;1;195,0;;5624J0016
61484;12;27/09/2024 00:00:00;b6c93b4f-f834-41eb-834b-4d0681df21d5;;1;68,0;68,0;5636J0005
61485;32;27/09/2024 18:01:00;DC50CD8E-72D1-43FD-B4A6-7C3B0525D204;;1;220,0;;5628J0021
61488;11;27/09/2024 00:00:00;bb66eaa1-31f3-4040-bbaf-ef32cfe1a58b;;1;48,7;;5636J0020
61489;21;28/09/2024 09:48:00;;;1;110,0;;5622J0036
61493;12;28/09/2024 00:00:00;c51b4506-85ee-40c5-a04e-06303069e139;100000565724;1;51,0;;1825J0033
61500;12;27/09/2024 07:34:00;4026FBEA-827E-458F-8774-BFCFC8ED4C83;;1;44,0;;ERR
61502;31;28/09/2024 09:39:00;2DF84862-5BAE-4978-848E-872EC660B152;;1;;;5636J0028
61503;11;29/09/2024 14:47:00;AEFD3610-351B-4488-B02E-C70DD0A9C459;100000647699;1;50,0;;3303J0059
61506;32;29/09/2024 07:17:00;;;1;;;5607J0010
61509;12;27/09/2024 12:29:00;6FABB546-79F0-41EC-B2AF-40E2EB766B5D;;1;49,0;;5622J0035
61512;31;29/09/2024 00:00:00;649ad549-ec01-4fd0-b582-aa490b397e14;;1;255,0;;5622J0002
61514;31;30/09/2024 00:00:00;f56b6a32-bad2-4a8d-8664-c051665b4440;;1;188,0;;5636J0009
61516;12;29/09/2024 00:00:00;187115d7-e625-421f-a49f-6f0ad0377c42;100000000314;1;76,0;;5607J0018
61520;31;29/09/2024 00:00:00;ccc87bda-e169-486a-9bce-cf43cc0cfa08;;1;191,0;;5636J0009
61521;11;29/09/2024 00:00:00;54d53d86-177c-42a8-9c43-c48f49915c94;;1;55,0;;5622J0027
61522;22;02/10/2024 09:43:00;13CB2F86-7C87-432C-9A3C-82F2F773C315;;1;;;5636J0023
61523;32;29/09/2024 00:00:00;3890d0a6-3b19-4d94-af61-f8915b5cb517;;1;;;5636J0016
61525;32;28/09/2024 00:00:00;884d8c0c-2ecf-4b76-bf46-da041e62dc40;;1;161,0;;5607J0009
61529;11;29/09/2024 21:35:00;52173CB0-72ED-4DD5-B9A6-9C8AF8FD741B;;1;;;5044J0036
61530;11;30/09/2024 14:14:00;341445FD-D8AB-48A7-8088-80039C527EE9;;1;67,0;;5628J0021
61532;31;30/09/2024 07:17:00;;;1;;;5607J0010
61533;31;30/09/2024 09:01:00;F330713A-1C8C-4BC3-AA46-3D9AB2BB6A0C;100000000183;1;205,0;;5622J0003
61534;22;29/09/2024 16:32:00;D50C1518-EA47-4FF5-98CD-5CECC3EC91E5;;1;;;1833J0334
61542;22;30/09/2024 10:04:00;CBE9C81E-89D7-4D5D-BD9F-D8AD0BD27EA7;;1;119,0;;3422J0084
61548;21;29/09/2024 00:00:00;;;1;;;5624J0017
61549;31;01/10/2024 08:30:00;9F4A68E0-F796-4619-BB7E-F2D47524ECE8;;1;;;5624J0017
61553;32;28/09/2024 00:00:00;;;2;65,0;65,0;3432J0016
61555;12;01/10/2024 00:00:00;d398fd08-4c14-41de-8fb6-28667ef0cf66;;1;;;ERR
61557;11;30/09/2024 15:58:00;F3896E96-3E23-4732-98DD-225A0D6CA3A5;;1;63,0;;3440J0031
61558;21;01/10/2024 07:17:00;402638AB-39B8-46B6-A65A-59B2989E8DE9;;1;128,0;;3440J0031
61563;11;30/09/2024 20:13:00;A95E19A1-74C2-4625-B5EB-28FDE84EAFEF;;1;48,0;;5007J0209
61568;32;01/10/2024 17:56:00;E124DB30-A758-41B5-A9CA-D9356B79B594;;1;;;1833J0334
61570;21;01/10/2024 00:00:00;d555ea4a-7492-4232-97aa-07b13820e514;100000061570;1;168,0;;5622J0017
61592;12;01/10/2024 00:00:00;d91b4b54-9935-4921-aae0-340c7ac7e157;;1;;;3440J0011
61593;12;27/09/2024 00:00:00;dc77f910-42bb-4463-8284-f12de8787505;;1;;;3440J0011
61600;11;01/10/2024 18:06:00;9DF839A8-D7C7-4A2D-A144-105B00C18508;;1;;;5524J0096
61602;12;01/10/2024 00:00:00;8be46017-bf37-422d-bce1-ca5d9214b5bd;;1;44,0;;3418J0013
